minFlux,maxFlux,fluxSpan,rxns
0,0,0,_BORNEOL_DEHYDROGENASE_RXN_c
0,0,0,_NEOMENTHOL_DEHYDROGENASE_RXN_c
0,0,0,__MENTHOL_DEHYDROGENASE_RXN_c
0,0,0,1_1_1_141_RXN_c
0,0,0,1_1_1_170_RXN_NADP_c
0,0,0,1_1_1_170_RXN_NAD_c
0,224.354237748776,224.354237748776,1_1_1_178_RXN_m
0,0,0,1_1_1_210_RXN_c
0,0,0,1_1_1_248_RXN_c
0,1000,1000,1_1_1_255_RXN_c
0,0,0,1_1_1_268_RXN_c
-7.8540756e-05,-7.8540756021539e-05,-2.15389771990315e-14,1_1_1_271_RXN_c
0,0,0,1_1_1_285_RXN_NADP_c
0,0,0,1_1_1_285_RXN_NAD_c
0,0,0,1_1_1_288_RXN_c
0,0,0,1_1_1_34_RXN_c
0,1000,1000,1_1_1_39_RXN_c
0,0,0,1_1_1_51_RXN_NAD_c
0,999.999712013,999.999712013,1_1_1_8_RXN_c
0,0,0,1_1_3_37_RXN_c
0,1000,1000,1_10_2_2_RXN_m
0,0,0,1_14_11_18_RXN_c
0,0,0,1_14_11_20_RXN_c
0,0,0,1_14_13_117_RXN_c
0,0,0,1_14_13_118_RXN_c
0,0,0,1_14_13_36_RXN_c
0,0,0,1_14_13_42_RXN_c
0,0,0,1_14_13_70_RXN_c
0,0,0,1_14_13_72_RXN_NADP_c
0,0,0,1_14_13_72_RXN_NAD_c
0,0,0,1_14_13_73_RXN_c
0,0,0,1_14_13_77_RXN_c
0,0,0,1_14_13_78_RXN_c
0,0,0,1_14_13_79_RXN_c
0,0,0,1_14_13_8_RXN_c
0,0,0,1_14_13_87_RXN_NADP_c
0,0,0,1_14_13_87_RXN_NAD_c
0,0,0,1_14_13_93_RXN_c
0,0,0,1_14_21_6_RXN_NADP_c
0,0,0,1_14_21_6_RXN_NAD_c
0,0,0,1_14_99_33_RXN_NADP_c
0,0,0,1_14_99_33_RXN_NAD_c
-1000,-0.00175386110004183,999.9982461389,1_18_1_2_RXN_p
0,0,0,1_2_1_1_RXN_c
-1000,0,1000,1_2_1_13_RXN_p
0,159.717970428647,159.717970428647,1_2_1_2_RXN_m
0,170.787532735583,170.787532735583,1_2_1_2_RXN_p
0,271.080980448061,271.080980448061,1_2_1_25_RXN_m
0,0,0,1_2_1_42_RXN_c
0,0,0,1_2_1_65_RXN_c
0,1000,1000,1_2_1_9_RXN_c
0,0,0,1_2_3_14_RXN_c
0,324.067232303787,324.067232303787,1_2_7_1_Pyruvic_ferredoxin_oxidoredutase_m
0,0,0,1_3_1_2_RXN_c
0,0,0,1_3_7_4_RXN_c
5.35737e-05,5.35737e-05,-6.7762635780344e-21,1_5_1_20_RXN_c
0,0,0,1_5_1_25_RXN_NADP_c
0,0,0,1_5_1_25_RXN_NAD_c
0,1000,1000,1_5_1_7_RXN_c
-1000,0,1000,1_5_1_8_RXN_c
0,291.659569995046,291.659569995046,1_5_1_9_RXN_c
0,1000,1000,1_5_5_1_RXN_m
0,889.056717302191,889.056717302191,1_6_5_4_RXN_x
0,0,0,1_8_3_5_RXN_c
0.0001737197,333.332922432667,333.332748712967,1_8_4_9_RXN_p
0,1000,1000,1_8_5_1_RXN_c
0,0,0,1_8_5_1_RXN_m
0,951.476518964172,951.476518964172,1_8_5_1_RXN_p
0,819.265827426177,819.265827426177,1_8_5_1_RXN_x
-181.57419518439,-7.68782000477586e-05,181.57411830619,10_FORMYL_THF_pc
0,0,0,12_ALPHA_L_FUCOSIDASE_RXN_c
0,0,0,12_OXOPHYTODIENOATE_REDUCTASE_RXN_c
-333.334737984152,202.372907496014,535.707645480166,1TRANSKETO_RXN_p
0,291.659569995046,291.659569995046,2_AMINOADIPATE_AMINOTRANSFERASE_RXN_c
0,0,0,2_CARBOXY_D_ARABINITOL_1_PHOSPHATASE_RXN_c
0,0,0,2_DEHYDROPANTOATE_REDUCT_RXN_c
0,0,0,2_HEXADECENAL_REDUCTASE_RXN_c
0,0,0,2_HYDROXYBIPHENYL_3_MONOOXYGENASE_RXN_c
0.000362869,324.067595172787,324.067232303787,2_ISOPROPYLMALATESYN_RXN_p
0,291.659569995046,291.659569995046,2_KETO_ADIPATE_DEHYDROG_RXN_m
-1000,1000,2000,2_KETOGLUTARATE_xc
0,224.354237748776,224.354237748776,2_MEBUCOA_ETF_RXN_m
0,0,0,2_OCTAPRENYL_6_OHPHENOL_METHY_RXN_c
0,0,0,2_OCTAPRENYLPHENOL_HYDROX_RXN_c
0,0,0,2_1_1_103_RXN_c
0,0,0,2_1_1_114_RXN_c
0,0,0,2_1_1_121_RXN_c
0,0,0,2_1_1_139_RXN_c
0,0,0,2_1_1_140_RXN_c
0,0,0,2_1_1_142_RXN_c
0,0,0,2_1_1_143_RXN_c
0,0,0,2_1_1_145_RXN_c
0,0,0,2_1_1_146_RXN_c
0,0,0,2_1_1_64_RXN_c
0,0,0,2_1_1_69_RXN_c
0,0,0,2_1_1_88_RXN_c
0,0,0,2_3_1_103_RXN_c
0,0,0,2_3_1_133_RXN_c
0,0,0,2_3_1_150_RXN_c
0,0,0,2_3_1_151_RXN_c
0,0,0,2_3_1_156_RXN_c
0,0,0,2_3_1_160_RXN_c
0,0,0,2_3_1_162_RXN_c
0,0,0,2_3_1_167_RXN_c
0,0,0,2_3_1_172_RXN_c
0,0,0,2_3_1_179_RXN_c
0.000863960395,116.664691958413,116.663827998018,2_3_1_180_RXN_p
0,0,0,2_3_1_99_RXN_c
0,974.60260764701,974.60260764701,2_4_1_111_RXN_c
0,0,0,2_4_1_114_RXN_c
0,0,0,2_4_1_121_RXN_c
2.54231e-06,974.60261018932,974.60260764701,2_4_1_123_RXN_c
0,0,0,2_4_1_126_RXN_c
0,0,0,2_4_1_194_RXN_c
0,0,0,2_4_1_195_RXN_c
0,0,0,2_4_1_210_RXN_c
0,0,0,2_4_1_218_RXN_c
0,974.60260764701,974.60260764701,2_4_1_67_RXN_c
2.54231e-06,974.602610189321,974.602607647011,2_4_1_82_RXN_c
0.00038408889999501,207.337655816918,207.337271728018,2_5_1_19_RXN_p
0,0,0,2_5_1_32_RXN_c
0,0,0,2_5_1_39_RXN_c
0,0,0,2_5_1_41_RXN_c
0,0,0,2_5_1_43_RXN_c
0,0,0,2_5_1_64_RXN_c
0,0,0,2_6_1_18_RXN_c
0,0,0,2_6_1_22_RXN_c
0,0,0,2_6_1_49_RXN_c
-1000,1000,2000,2_6_1_58_RXN_c
0,0,0,2_6_1_80_RXN_c
0,1000,1000,2_7_1_133_RXN_c
0,324.867535882337,324.867535882337,2_7_1_134_RXN_c
0,1000,1000,2_7_1_139_RXN_c
0,0,0,2_7_1_140_RXN_c
0,0,0,2_7_1_148_RXN_p
0,0,0,2_7_1_151_RXN_c
0,0,0,2_7_1_152_RXN_c
-1000,1000,2000,2_7_1_90_RXN_c
0,0,0,2_7_4_24_RXN_c
0,987.756869306805,987.756869306805,2_7_7_1_RXN_c
0,0,0,2_7_7_11_RXN_c
0,999.9899884784,999.9899884784,2_7_7_13_RXN_c
0,0,0,2_7_7_14_RXN_c
0,974.60260764701,974.60260764701,2_7_7_15_RXN_c
0,0.00016082154797914,0.00016082154797914,2_7_7_34_RXN_c
0,0,0,2_7_7_44_RXN_c
0,0,0,2_7_7_57_RXN_c
0,0,0,2_7_7_60_RXN_p
0,0,0,2_8_2_26_RXN_c
0,0,0,2_8_2_27_RXN_c
0,0,0,2_8_2_28_RXN_c
0,0,0,23_DIMETHYLMALATE_LYASE_RXN_c
0,224.354237748776,224.354237748776,2KETO_3METHYLVALERATE_RXN_m
0,324.067232303787,324.067232303787,2KETO_4METHYL_PENTANOATE_DEHYDROG_RXN_m
0,487.234276471594,487.234276471594,2KETOBUTYRYL_TRANS_mc
0,291.659569995046,291.659569995046,2KG_2K_ADIPATE_mc
-1000,1000,2000,2KG_ACONITATE_mc
-1000,1000,2000,2KG_CIT_mc
-1000,1000,2000,2KG_ISOCITRATE_mc
-1000,1000,2000,2KG_MAL_mc
-1000,1000,2000,2KG_MAL_pc
-1000,1000,2000,2KG_OAA_mc
-1000,1000,2000,2KG_SUC_mc
0,324.067232303787,324.067232303787,2OXOBUT_TRANS_mc
-224.354422451776,310.804403470491,535.158825922267,2OXOBUT_TRANS_pc
0,468.740975325105,468.740975325105,2OXOGLUTARATEDEH_RXN_m
0,0,0,2OXOGLUTDECARB_RXN_m
-1000,1000,2000,2PGADEHYDRAT_RXN_c
-1000,1000,2000,2PGADEHYDRAT_RXN_p
0,0,0,2PHENYLETHANOL_biomass
-202.373291584914,333.334353895252,535.707645480166,2TRANSKETO_RXN_p
0,0,0,3_CH3_2_OXOBUTANOATE_OH_CH3_XFER_RXN_c
0,0,0,3_CYANOALANINE_HYDRATASE_RXN_c
0.00038408889999501,207.337655816918,207.337271728018,3_DEHYDROQUINATE_DEHYDRATASE_RXN_p
0.00038408889999501,207.337655816918,207.337271728018,3_DEHYDROQUINATE_SYNTHASE_RXN_p
-1000,0,1000,3_DEHYDROSPHINGANINE_REDUCTASE_RXN_c
-291.659569995046,0,291.659569995046,3_HYDROXBUTYRYL_COA_DEHYDRATASE_RXN_x
0,0,0,3_HYDROXY_PROPIONATE_mc
0,0,0,3_HYDROXYBENZOATE_6_MONOOXYGENASE_RXN_c
-1000,0,1000,3_HYDROXYBUTYRYL_COA_DEHYDROGENASE_RXN_c
0,271.080980448061,271.080980448061,3_HYDROXYISOBUTYRATE_DEHYDROGENASE_RXN_m
0,271.080980448061,271.080980448061,3_HYDROXYISOBUTYRYL_COA_HYDROLASE_RXN_m
0,0,0,3_HYDROXYPROPIONATE_DEHYDROGENASE_RXN_c
0,324.067232303787,324.067232303787,3_HYDROXYPROPIONATE_DEHYDROGENASE_RXN_m
0.000362869,324.067595172787,324.067232303787,3_ISOPROPYLMALDEHYDROG_RXN_p
0.000362869,324.067595172787,324.067232303787,3_ISOPROPYLMALISOM_RXN_p
0,0,0,3_OXOACYL_ACP_REDUCT_RXN_c
0,0,0,3_OXOADIPATE_ENOL_LACTONASE_RXN_c
0,0,0,3_OXOLAURATE_DECARBOXYLASE_RXN_c
0,1000,1000,3_PHOSPHOGLYCERATE_PHOSPHATASE_RXN_c
0,0,0,3_1_1_78_RXN_c
0,0,0,3_1_1_82_RXN_c
0,0,0,3_1_2_14_RXN_c
0.00020708,76.1405853342134,76.1403782542134,3_1_2_14_RXN_p
0,0,0,3_1_2_21_RXN_c
0,116.663827998018,116.663827998018,3_1_2_21_RXN_p
0,0,0,3_1_2_23_RXN_c
0,1000,1000,3_1_3_46_RXN_c
0,0,0,3_1_3_56_RXN_c
0,0,0,3_1_3_57_RXN_c
0,1000,1000,3_1_3_74_RXN_c
0,0,0,3_1_3_76_RXN_c
0,170.787532735583,170.787532735583,3_1_3_77_RXN_c
0,0,0,3_5_1_26_RXN_c
0,0,0,3_5_1_86_RXN_c
0,90.7870591530949,90.7870591530949,3_5_2_17_RXN_x
0,0,0,3_5_5_4_RXN_c
0,0,0,3_6_1_17_RXN_c
0,0,0,3_7_1_8_RXN_c
0,0,0,3_7_1_9_RXN_c
0,658.504579537871,658.504579537871,325_BISPHOSPHATE_NUCLEOTIDASE_RXN_c
-1000,1000,2000,3PGAREARR_RXN_p
-1000,1000,2000,3PGA_Pi_pc
-535.70397180012,0,535.70397180012,4_AMINO_BUTYRATE_mc
0,0,0,4_COUMARATE__COA_LIGASE_RXN_c
0,207.337271728018,207.337271728018,4_HYDROXYPHENYLPYRUVATE_DIOXYGENASE_RXN_c
0,0,0,4_NITROPHENYLPHOSPHATASE_RXN_c
0,999.989827656852,999.989827656852,4_1_1_32_RXN_c
0,170.787532735583,170.787532735583,4_1_99_4_RXN_c
0,0,0,4_2_1_107_RXN_c
0.000863960395,116.664691958413,116.663827998018,4_2_1_58_RXN_p
0.000863960395,116.664691958413,116.663827998018,4_2_1_59_RXN_p
0.00086378929,85.7830902584211,85.7822264691311,4_2_1_61_RXN_p
0,1000,1000,4_2_1_93_RXN_c
0,0,0,4_2_3_19_RXN_c
0,0,0,4_2_3_27_RXN_c
0,850.320840492832,850.320840492832,4_3_1_17_RXN_c
0,170.787532735583,170.787532735583,4_4_1_14_RXN_c
0,0,0,4_4_1_19_RXN_c
0,0,0,4OHBENZOATE_OCTAPRENYLTRANSFER_RXN_c
-5.35737000291192e-05,-5.35737000291192e-05,0,5_METHYL_THF_pc
0,170.787532735583,170.787532735583,5_METHYLTHIORIBOSE_KINASE_RXN_c
0,974.60260764701,974.60260764701,5_OXOPROLINASE_ATP_HYDROLYSING_RXN_c
0,0,0,5_1_1_11_RXN_c
0,0,0,5_1_1_17_RXN_c
0,850.320840492832,850.320840492832,5_1_1_18_RXN_c
0,0,0,5_1_2_3_RXN_c
0,170.787532735583,170.787532735583,5_3_1_23_RXN_c
0,0,0,5_5_1_13_RXN_c
0,0,0,6_BETA_HYDROXYHYOSCYAMINE_EPOXIDASE_RXN_c
0,1000,1000,6_PHOSPHOFRUCTO_2_KINASE_RXN_c
0,0,0,6_2_1_34_RXN_c
0,0,0,6_3_2_7_RXN_c
0,0,0,6_3_5_6_RXN_c
0,0,0,6_3_5_7_RXN_c
0,1000,1000,6PFRUCTPHOS_RXN_c
0,1000,1000,6PFRUCTPHOS_RXN_p
0,1000,1000,6PGLUCONDEHYDROG_RXN_p
0,1000,1000,6PGLUCONOLACT_RXN_c
0,1000,1000,6PGLUCONOLACT_RXN_p
0,0,0,7KAPSYN_RXN_c
-710.637169059354,0,710.637169059354,ACETALD_mc
0,747.981278945994,747.981278945994,ACETATE__COA_LIGASE_RXN_p
0,500,500,ACETATE__COA_LIGASE_RXN_x
-324.067824664787,-0.000592361000030905,324.067232303787,ACETOLACTREDUCTOISOM_RXN_p
0.000592361,324.067824664787,324.067232303787,ACETOLACTSYN_RXN_p
-224.354422451775,-0.00018470299994533,224.354237748776,ACETOOHBUTREDUCTOISOM_RXN_p
0.000184703,224.354422451776,224.354237748776,ACETOOHBUTSYN_RXN_p
0,487.234276471594,487.234276471594,ACETYL_COA_ACETYLTRANSFER_RXN_c
-568.43917819274,0,568.43917819274,ACETYL_COA_ACETYLTRANSFER_RXN_m
-291.659569995046,0,291.659569995046,ACETYL_COA_ACETYLTRANSFER_RXN_x
3.28809e-06,1000,999.99999671191,ACETYL_COA_CARBOXYLTRANSFER_RXN_c
0.00676187195,628.264542650172,628.257780778222,ACETYL_COA_CARBOXYLTRANSFER_RXN_p
0,999.9994049011,999.9994049011,ACETYLGLUTKIN_RXN_p
0,689.791035924268,689.791035924268,ACETYLORNDEACET_RXN_p
-999.9994049011,0,999.9994049011,ACETYLORNTRANSAM_RXN_p
0,714.48908239904,714.48908239904,ACET_mc
-568.602625767239,500,1068.60262576724,ACET_pc
-500,0,500,ACET_xc
-1000,1000,2000,ACONITATEDEHYDR_RXN_c
-1000,1000,2000,ACONITATEDEHYDR_RXN_m
0,729.149185360245,729.149185360245,ACONITATEHYDR_RXN_c
0,729.149185360244,729.149185360244,ACONITATEHYDR_RXN_m
0,324.067232303787,324.067232303787,ACRYLYL_COA_mc
0,324.067232303787,324.067232303787,ACRYLYL_COA_xc
0,396.816504182684,396.816504182684,ACSERLY_RXN_c
0,458.324932158104,458.324932158104,ACSERLY_RXN_m
0,501.476743691306,501.476743691306,ACSERLY_RXN_p
0,568.43917819274,568.43917819274,ACTCOA_m
0,0,0,ACYLGLYCERONE_PHOSPHATE_REDUCTASE_RXN_c
0,0,0,ADCLY_RXN_p
0,0,0,ADENODEAMIN_RXN_c
0,1000,1000,ADENOSINE_KINASE_RXN_c
0,0,0,ADENOSINE_NUCLEOSIDASE_RXN_c
0,658.504579537871,658.504579537871,ADENOSYLHOMOCYSTEINASE_RXN_c
0,0,0,ADENOSYLHOMOCYSTEINE_NUCLEOSIDASE_RXN_c
0,0,0,ADENPHOSPHOR_RXN_c
-170.787532735583,0,170.787532735583,ADENPRIBOSYLTRAN_RXN_c
0,1000,1000,ADENYL_KIN_RXN_c
0,1000,1000,ADENYL_KIN_RXN_m
0,1000,1000,ADENYL_KIN_RXN_p
7.68782000477586e-05,90.7871360312949,90.7870591530949,ADENYLOSUCCINATE_SYNTHASE_RXN_p
0,1000,1000,ADENYLYLSULFATASE_RXN_c
0,0,0,ADENYLYLSULFKIN_RXN_c
0,0,0,ADENYLYLSULFKIN_RXN_p
0,0,0,ADOMET_DMK_METHYLTRANSFER_RXN_c
0,84.5565747014121,84.5565747014121,ADP_DEAMINASE_RXN_c
0,0,0,ADPREDUCT_RXN_c
-1000,1000,2000,ADP_pc
0,211.533162884581,211.533162884581,AGMATIN_RXN_c
0,211.533162884581,211.533162884581,AGMATINE_DEIMINASE_RXN_c
0,90.7870591530952,90.7870591530952,AICARSYN_RXN_p
7.68782000477586e-05,90.7871360312949,90.7870591530949,AICARTRANSFORM_RXN_p
-90.7870591530951,0,90.7870591530951,AIRCARBOXY_RXN_p
0,90.7870591530952,90.7870591530952,AIRS_RXN_p
-1000,1000,2000,ALANINE__GLYOXYLATE_AMINOTRANSFERASE_RXN_x
0.000312243,0.000312243,0,ALANINE__TRNA_LIGASE_RXN_c
-1000,1000,2000,ALANINE_AMINOTRANSFERASE_RXN_c
0,535.70397180012,535.70397180012,ALANINE_AMINOTRANSFERASE_RXN_m
-1000,1000,2000,ALANINE_AMINOTRANSFERASE_RXN_x
0,0,0,ALCOHOL_DEHYDROG_RXN_c
-982.706585027252,733.074214496738,1715.78079952399,ALDOSE_1_EPIMERASE_RXN_c
0,0,0,ALDOSE_6_PHOSPHATE_REDUCTASE_NADPH_RXN_c
0,974.602607647009,974.602607647009,ALDOSE1EPIM_RXN_c
0,90.7870591530955,90.7870591530955,ALLANTOATE_DEIMINASE_RXN_c
0,90.7870591530951,90.7870591530951,ALLANTOICASE_RXN_c
0,90.7870591530949,90.7870591530949,ALLANTOINASE_RXN_c
0,0,0,ALLENE_OXIDE_CYCLASE_RXN_c
0,0,0,ALLYL_ALCOHOL_DEHYDROGENASE_RXN_c
0,291.659569995046,291.659569995046,ALLYSINE_DEHYDROG_RXN_c
0,0,0,ALPHA_AMYL_RXN_p
0,0,0,ALPHAGALACTOSID_RXN_c
0,0,0,AMINO_OH_HYDROXYMETHYL_DIHYDROPTERIDINE_mc
0,364.575178197093,364.575178197093,AMINOBUTDEHYDROG_RXN_c
0,0,0,AMINOGLYCOSIDE_N6_ACETYLTRANSFERASE_RXN_c
0,0,0,AMMONIA_vc
0,90.7870591530952,90.7870591530952,AMP_DEAMINASE_RXN_c
0,1000,1000,AMP_DEPHOSPHORYLATION_RXN_c
7.68782000477586e-05,90.7871360312949,90.7870591530949,AMPSYN_RXN_p
0,500,500,AMP_ATP_xc
0,0,0,AMP_biomass
-999.99962385,1000,1999.99962385,AMP_pc
0,0,0,ANTHRANILATE_N_METHYLTRANSFERASE_RXN_c
4.86739e-05,4.86739e-05,0,ANTHRANSYN_RXN_p
0,0,0,APIGNAR_RXN_c
0,987.756869306805,987.756869306805,APYRASE_RXN_c
0,0,0,ARABINOSE_biomass
0,72.4620991114978,72.4620991114978,ARACHIDIC_ACID_xc
0,211.533162884581,211.533162884581,ARGDECARBOX_RXN_c
0,419.402807815858,419.402807815858,ARGINASE_RXN_m
0.000255805,0.000255805,0,ARGININE__TRNA_LIGASE_RXN_c
0.000255805000051623,419.403063620858,419.402807815858,ARGSUCCINLYA_RXN_c
0.000255805000051623,419.403063620858,419.402807815858,ARGSUCCINSYN_RXN_c
-1000,1000,2000,ARG_CITRULLINE_mc
-1000,1000,2000,ARG_HIS_mc
-1000,1000,2000,ARG_LYS_mc
-1000,1000,2000,ARG_ORNITHINE_mc
-999.9991490961,364.575434002093,1364.57458309819,ARG_mc
0,0,0,ARYLFORMAMIDASE_RXN_c
0,0,0,ASCORBATE_CPD_330_mc
0,0,0,ASCORBATE_biomass
0,987.756987554857,987.756987554857,ASNSYNA_RXN_c
0,838.805722618049,838.805722618049,ASNSYNB_RXN_c
-1000,1000,2000,ASPAMINOTRANS_RXN_c
-1000,1000,2000,ASPAMINOTRANS_RXN_m
0,999.9994049011,999.9994049011,ASPAMINOTRANS_RXN_p
-1000,1000,2000,ASPAMINOTRANS_RXN_x
0,987.758670849832,987.758670849832,ASPARAGHYD_RXN_c
0.000320959,987.757190265805,987.756869306805,ASPARAGINE__TRNA_LIGASE_RXN_c
0.000318213,0.000318213,0,ASPARTATE__TRNA_LIGASE_RXN_c
0,0,0,ASPARTATE_RACEMASE_RXN_c
-576.594805550605,-0.000518220699973426,576.594287329905,ASPARTATE_SEMIALDEHYDE_DEHYDROGENASE_RXN_p
0.000518220699991285,576.594805550605,576.594287329905,ASPARTATEKIN_RXN_p
0,0,0,ASPCARBTRANS_RXN_p
-974.468581048378,-3.28809005623043e-06,974.468577760288,ATP_CITRATE_PRO_S__LYASE_RXN_c
0,84.556574701412,84.556574701412,ATP_DEAMINASE_RXN_c
0,987.756869306805,987.756869306805,ATP_PYROPHOSPHATASE_RXN_c
7.68782000477586e-05,7.68782000477586e-05,0,ATPPHOSPHORIBOSYLTRANS_RXN_p
-1000,1000,2000,ATP_ADP_Pi_pc
-1000,1000,2000,ATP_ADP_mc
0,0,0,ATP_ADP_xc
0,1000,1000,ATP_AMP_mc
-1000,1000,2000,ATP_pc
-0.00053901,-0.00053901,0,ATPase_tx
0,324.067232303787,324.067232303787,Acyl_CoA_oxidase_x
0,71.7686818951198,71.7686818951198,Alpha_Linolenate_ACT_x
0.000102964000006978,71.7687848591199,71.7686818951199,Alpha_Linolenate_pc
0.000102964,71.7687848591198,71.7686818951198,Alpha_Linolenoyl_ACP_hydrolase_p
0,72.4620991114978,72.4620991114978,Arachidate_ACT_x
-3.28809e-06,-3.28809e-06,0,Arachidate_biomass
0,72.4620991114978,72.4620991114978,Arachidoyl_CoA_oxi_x
0,0,0,BADH_RXN_c
0,0,0,BENZALDEHYDE_DEHYDROGENASE_NAD_RXN_c
0,0,0,BENZALDEHYDE_DEHYDROGENASE_NADP_RXN_c
0,0,0,BENZENE_12_DIOXYGENASE_RXN_c
0,0,0,BENZOATE__COA_LIGASE_RXN_c
0,999.996433203382,999.996433203382,BETA_PHOSPHOGLUCOMUTASE_RXN_c
0,0,0,BETA_UREIDOPROPIONASE_RXN_c
0,974.602607647009,974.602607647009,BETAGALACTOSID_RXN_c
0,291.659569995046,291.659569995046,BHBDCLOS_RXN_x
0,968.124569089015,968.124569089015,BILIRUBIN_OXIDASE_RXN_c
-1000,0,1000,BILIVERDIN_REDUCTASE_RXN_NADP_c
-1000,0,1000,BILIVERDIN_REDUCTASE_RXN_NAD_c
0,0,0,BIS5_ADENOSYL_TRIPHOSPHATASE_RXN_c
0,0,0,BRANCHED_CHAINAMINOTRANSFERILEU_RXN_c
0,224.354237748776,224.354237748776,BRANCHED_CHAINAMINOTRANSFERILEU_RXN_m
-224.354422451775,-0.00018470299994533,224.354237748776,BRANCHED_CHAINAMINOTRANSFERILEU_RXN_p
0,0,0,BRANCHED_CHAINAMINOTRANSFERLEU_RXN_c
0,324.067232303787,324.067232303787,BRANCHED_CHAINAMINOTRANSFERLEU_RXN_m
-324.067595172787,-0.000362869000014143,324.067232303787,BRANCHED_CHAINAMINOTRANSFERLEU_RXN_p
0,0,0,BRANCHED_CHAINAMINOTRANSFERVAL_RXN_c
0,271.080980448061,271.080980448061,BRANCHED_CHAINAMINOTRANSFERVAL_RXN_m
-271.081209940062,-0.000229492000016762,271.080980448062,BRANCHED_CHAINAMINOTRANSFERVAL_RXN_p
0,85.7822264691312,85.7822264691312,Beta_Oxidation_x
0,0,0,CA2_rev_vc
0,0,0,CAFFEOYL_COA_O_METHYLTRANSFERASE_RXN_c
-493.878434653403,0,493.878434653403,CARBAMATE_KINASE_RXN_m
-974.60260764701,0,974.60260764701,CARBAMATE_KINASE_RXN_p
0,0,0,CARBODEHYDRAT_RXN_c
0.000229992999948081,0.000229992999948081,0,CARBOXYCYCLOHEXADIENYL_DEHYDRATASE_RXN_p
0,0,0,CARBOXYMETHYLENEBUTENOLIDASE_RXN_c
0.000255805000051623,974.60286345201,974.60260764701,CARBPSYN_RXN_p
0,0,0,CARVEOL_DEHYDROGENASE_RXN_c
0,695.644663393044,695.644663393044,CATAL_RXN_x
0,0,0,CATECHOL_OXIDASE_RXN_c
0,0,0,CDP_GLYCEROL_PYROPHOSPHATASE_RXN_c
-974.60260764701,1000,1974.60260764701,CDPKIN_RXN_c
0,0,0,CDPKIN_RXN_m
0,0,0,CDPKIN_RXN_p
0,0,0,CDPREDUCT_RXN_c
0,0,0,CELLULOSE_SYNTHASE_GDP_FORMING_RXN_c
0,0,0,CELLULOSE_SYNTHASE_UDP_FORMING_RXN_c
0,0,0,CHLOROPHYLL_A_biomass
0,0,0,CHLOROPHYLL_B_biomass
0,0,0,CHOLESTENONE_5_BETA_REDUCTASE_RXN_c
0,1000,1000,CHOLINE_KINASE_RXN_c
0.00038408889999501,207.337655816918,207.337271728018,CHORISMATE_SYNTHASE_RXN_p
0,0,0,CHORISMATEMUT_RXN_c
0.00033541499999501,207.337607143018,207.337271728018,CHORISMATEMUT_RXN_p
0,0,0,CINNAMATE_GLUCOSYLTRANSFERASE_RXN_c
0,0,0,CINNAMOYL_COA_REDUCTASE_RXN_c
0,0,0,CINNAMYL_ALCOHOL_DEHYDROGENASE_RXN_c
0,849.981633019283,849.981633019283,CITSYN_RXN_m
0,698.470293492982,698.470293492982,CITSYN_RXN_x
-1000,1000,2000,CIT_ACONITATE_mc
0,497.381871243918,497.381871243918,CIT_H_rev_vc
0,497.381871243918,497.381871243918,CIT_H_vc
-1000,1000,2000,CIT_ISOCITRATE_mc
0,698.470293492981,698.470293492981,CIT_xc
-1000,1000,2000,CMPKI_RXN_c
0,0,0,CMPKI_RXN_p
0,0,0,CMP_biomass
0,0,0,CO_A_biomass
-999.99994011,1000,1999.99994011,CO2_mc
-607.111721947076,1000,1607.11172194708,CO2_pc
-1000,-0.017602644195108,999.982397355805,CO2_tx
0,868.812460190934,868.812460190934,CO2_xc
0,974.60260764701,974.60260764701,CONIFERIN_BETA_GLUCOSIDASE_RXN_c
0,0,0,CORTISONE_BETA_REDUCTASE_RXN_c
-1000,1000,2000,CPD_4211_xc
0,0,0,CPD_499_xc
0,100.572265515533,100.572265515533,CPD_7836_xc
0,0,0,CPM_KDOSYNTH_RXN_c
0,836.71489873207,836.71489873207,CTPSYN_RXN_c
0,0,0,CYCLOARTENOL_SYNTHASE_RXN_c
0,0,0,CYCLOEUCALENOL_CYCLOISOMERASE_RXN_c
0,0,0,CYCLOHEXADIENYL_DEHYDROGENASE_RXN_c
5.35737e-05,5.35737e-05,0,CYSPH_RXN_p
5.35737e-05,711.138541207729,711.138487634029,CYSTATHIONINE_BETA_LYASE_RXN_p
0,711.138487634029,711.138487634029,CYSTATHIONINE_BETA_SYNTHASE_RXN_p
0,0,0,CYSTEAMINE_DIOXYGENASE_RXN_c
0.000120146,0.000120146,0,CYSTEINE__TRNA_LIGASE_RXN_c
0,458.324932158104,458.324932158104,CYS_mc
-974.60266122071,501.476690117606,1476.07935133832,CYS_pc
0,0,0,CYTDEAM_RXN_c
0,0,0,CYTIDEAM_RXN_c
0,974.60260764701,974.60260764701,CYTIDEAM2_RXN_c
0,999.989827656852,999.989827656852,CYTIDINEKIN_RXN_c
0,1000,1000,CYTIKIN_RXN_c
0,0,0,CYTOCHROME_B5_REDUCTASE_RXN_c
0,500,500,CYTOCHROME_C_OXIDASE_RXN_m
0,0,0,Ca_biomass
0,0,0,Ca_tx
0,0,0,Cellulose_biomass
0,0,0,ConOL_biomass
0,0,0,CoumOL_biomass
0,0,0,D_ALANINE_AMINOTRANSFERASE_RXN_c
0,0,0,D_LACTATE_DEHYDROGENASE_CYTOCHROME_RXN_c
0,0,0,D_RIBULOKIN_RXN_c
0,0,0,D_XYLOSE_1_DEHYDROGENASE_NADP_RXN_c
0,539.047604210501,539.047604210501,D_XYLULOSE_REDUCTASE_RXN_c
0,1000,1000,DADPKIN_RXN_c
0,0,0,DADPKIN_RXN_m
0,0,0,DADPKIN_RXN_p
0.00038408889999501,207.337655816918,207.337271728018,DAHPSYN_RXN_p
0,0,0,DALADALALIG_RXN_c
0,0,0,DAPASYN_RXN_c
0,0,0,DARAB5PISOM_RXN_c
0,1000,1000,DCDPKIN_RXN_c
0,0,0,DCDPKIN_RXN_m
0,0,0,DCDPKIN_RXN_p
0,0,0,DCMP_DEAMINASE_RXN_c
0,0,0,DCTP_DEAM_RXN_c
0,974.60260764701,974.60260764701,DCTP_PYROPHOSPHATASE_RXN_c
0,0,0,DCYSDESULF_RXN_c
0,0,0,DEHYDDEOXPHOSGALACT_ALDOL_RXN_c
0,0,0,DELTA3_ISOPENTENYL_PP_pc
-1000,1000,2000,DELTA3_ISOPENTENYL_PP_xc
0,0,0,DEOXYADENOSINE_KINASE_RXN_c
0,1000,1000,DEOXYADENYLATE_KINASE_RXN_c
0,0,0,DEOXYGUANOSINE_KINASE_RXN_c
0,658.50457953787,658.50457953787,DEPHOSPHOCOAKIN_RXN_c
0,0,0,DETHIOBIOTIN_SYN_RXN_c
0,1000,1000,DGDPKIN_RXN_c
0,0,0,DGDPKIN_RXN_m
0,0,0,DGDPKIN_RXN_p
-1000,1000,2000,DHAP_3PGA_pc
-1000,1000,2000,DHAP_Pi_pc
0,0,0,DHHB_METHYLTRANSFER_RXN_c
0,0,0,DI_H_OROTATE_pc
0.000259755999991285,291.659829751046,291.659569995046,DIAMINOPIMDECARB_RXN_p
0.000259755999991285,291.659829751046,291.659569995046,DIAMINOPIMEPIM_RXN_p
0.000259755999991285,291.659829751046,291.659569995046,DIHYDRODIPICSYN_RXN_p
0,0,0,DIHYDROFOLATEREDUCT_RXN_m
0,0,0,DIHYDROFOLATESYNTH_RXN_m
0,0,0,DIHYDROKAEMPFEROL_4_REDUCTASE_RXN_c
0,0,0,DIHYDRONEOPTERIN_MONO_P_DEPHOS_RXN_c
0,0,0,DIHYDROOROT_RXN_p
0.000259755999991285,1000,999.999740244,DIHYDROPICRED_RXN_(NADP)_p
0,999.999740244,999.999740244,DIHYDROPICRED_RXN_NAD_p
0,0,0,DIHYDROPYRIMIDINASE_RXN_c
0.000592361,324.067824664787,324.067232303787,DIHYDROXYISOVALDEHYDRAT_RXN_p
0.000184703,224.354422451776,224.354237748776,DIHYDROXYMETVALDEHYDRAT_RXN_p
0,0,0,DIMETHUROPORDEHYDROG_RXN_c
0,0,0,DIOHBUTANONEPSYN_RXN_c
0,0,0,DIPHOSPHOMEVALONTE_DECARBOXYLASE_RXN_x
0,1000,1000,DLACTDEHYDROGFAD_RXN_c
-1000,0,1000,DLACTDEHYDROGNAD_RXN_c
0,0,0,DMK_RXN_c
0,0,0,DNA_Processing_c
0,116.663827998018,116.663827998018,DODECANOATE_xc
0,0,0,DOLICHOL_KINASE_RXN_c
0,0,0,DOPACHROME_DELTA_ISOMERASE_RXN_c
0,850.320840492832,850.320840492832,DSERDEAM_RXN_c
0,0,0,DTDPDEHYDRHAMEPIM_RXN_c
0,0,0,DTDPDEHYRHAMREDUCT_RXN_c
0,0,0,DTDPGLUCDEHYDRAT_RXN_c
0,0,0,DTDPGLUCOSEPP_RXN_c
0,1000,1000,DTDPKIN_RXN_c
0,0,0,DTDPKIN_RXN_m
0,0,0,DTDPKIN_RXN_p
0,1000,1000,DTDPRHAMSYNTHMULTI_RXN_c
0,1000,1000,DTMPKI_RXN_c
0,1000,1000,DUDPKIN_RXN_c
0,0,0,DUDPKIN_RXN_m
0,0,0,DUDPKIN_RXN_p
0,0,0,DUMP_mc
0,0,0,DURIDKI_RXN_c
0,0,0,DUTP_PYROP_RXN_c
0,0,0,DXPREDISOM_RXN_p
0,0,0,DXS_RXN_p
0,116.663827998018,116.663827998018,Dodecanoate_ACT_x
0,0,0,Dodecanoate_biomass
0,116.663827998018,116.663827998018,Dodecanoate_pc
0,0,0,ENZRXN_201_RXN_c
0,0,0,ESTRADIOL_17_BETA_DEHYDROGENASE_RXN_NAD_c
0,1000,1000,ETHANOLAMINE_KINASE_RXN_c
0,0,0,ETHYL_RXN_c
-982.520678821735,1000,1982.52067882174,F16ALDOLASE_RXN_c
-1000,1000,2000,F16ALDOLASE_RXN_p
0,1000,1000,F16BDEPHOS_RXN_c
0,1000,1000,F16BDEPHOS_RXN_p
0,987.756869306805,987.756869306805,FAD_PYROPHOSPHATASE_RXN_c
0,987.756869306805,987.756869306805,FADSYN_RXN_c
0,0,0,FAD_biomass
0,312.492385440399,312.492385440399,FAD_reg_m
0,652.15889200348,652.15889200348,FAD_reg_x
-1000,0,1000,FARNESOL_DEHYDROGENASE_RXN_c
0,0,0,FARNESYLTRANSTRANSFERASE_RXN_p
-0.00698867110304491,0,0.00698867110304491,FERREDOXIN__NITRITE_REDUCTASE_RXN_p
0,333.332748712967,333.332748712967,FESGSHTHIO_RXN_c
0,90.7870591530952,90.7870591530952,FGAMSYN_RXN_p
0,1000,1000,FLAVONADPREDUCT_RXN_c
0,0,0,FLAVONOL_3_SULFOTRANSFERASE_RXN_c
0,0,0,FORMAMIDASE_RXN_c
-159.717970428647,0,159.717970428647,FORMATE_mc
-170.787532735583,0,170.787532735583,FORMATE_pc
0,0,0,FPPSYN_RXN_c
0,0,0,FPPSYN_RXN_p
0.00598410181357815,733.074214496737,733.068230394924,FRUCTOKINASE_RXN_c
0,1000,1000,FRU_H_rev_vc
0,1000,1000,FRU_vc
0,0,0,FUCOKINASE_RXN_c
0,0,0,FUCOSE_biomass
0,207.337271728018,207.337271728018,FUMARYLACETOACETASE_RXN_c
-729.15096566881,0,729.15096566881,FUMHYDR_RXN_c
-729.15096566881,0,729.15096566881,FUMHYDR_RXN_m
0,746.072806865877,746.072806865877,FUM_H_rev_vc
0,746.072806865877,746.072806865877,FUM_H_vc
7.68782000477586e-05,181.57419518439,181.57411830619,FUM_pc
0,0,0,FattyAcid_biomass
0,0,0,Fe_tx
0,999.9982461389,999.9982461389,Ferredoxin_Plastoquinone_Reductase_p
-1000,999.998846927,1999.998846927,G6P_Pi_pc
0,535.70397180012,535.70397180012,GABATRANSAM_RXN_m
0,974.60260764701,974.60260764701,GALACTOKIN_RXN_c
0,0,0,GALACTONOLACTONE_DEHYDROGENASE_RXN_m
0,0,0,GALACTOSE_OXIDASE_RXN_c
0,0,0,GALACTOSE_biomass
0,974.60260764701,974.60260764701,GALACTURIDYLYLTRANS_RXN_c
0,0,0,GALLATE_1_BETA_GLUCOSYLTRANSFERASE_RXN_c
0,0,0,GALPMUT_RXN_c
-1000,1000,2000,GAPOXNPHOSPHN_RXN_c
-1000,1000,2000,GAPOXNPHOSPHN_RXN_p
-1000,1000,2000,GAP_3PGA_pc
-1000,1000,2000,GAP_Pi_pc
0,90.7870591530952,90.7870591530952,GART_RXN_p
0.0101723431479286,1000,999.989827656852,GDPKIN_RXN_c
0,0,0,GDPKIN_RXN_m
7.68782000477586e-05,90.7871360312949,90.7870591530949,GDPKIN_RXN_p
7.8540756e-05,7.8540756e-05,0,GDPMANDEHYDRA_RXN_c
0,0,0,GDPREDUCT_RXN_c
0,0,0,GERANIOL_DEHYDROGENASE_RXN_c
0,1000,1000,GLC_H_rev_vc
0,944.103428724561,944.103428724561,GLC_pc
0,0,0,GLC_tx
0,1000,1000,GLC_vc
0,1000,1000,GLN_GLU_mc
-1000,613.081349586573,1613.08134958657,GLN_GLU_pc
-1000,1000,2000,GLT_MAL_pc
-1000,1000,2000,GLT_xc
0,1000,1000,GLU6PDEHYDROG_RXN_c
0,1000,1000,GLU6PDEHYDROG_RXN_p
0.001153073,999.99962385,999.998470777,GLUC1PADENYLTRANS_RXN_p
0.00356679661797443,974.606174443628,974.60260764701,GLUC1PURIDYLTRANS_RXN_c
9.66635999475329e-05,9.66635999475329e-05,0,GLUCISOM_RXN_c
0,1000,1000,GLUCOKIN_RXN_c
0,974.60260764701,974.60260764701,GLUCOKIN_RXN_p
0,1000,1000,GLUCONOKIN_RXN_c
0,0,0,GLUCONOLACT_RXN_c
0,0,0,GLUCOSAMINEPNACETYLTRANS_RXN_c
0,1000,1000,GLUCOSE_6_PHOSPHATASE_RXN_c
-1000,1000,2000,GLUCOSE_6_PHOSPHATE_1_EPIMERASE_RXN_c
0,0,0,GLUCURONATE_REDUCTASE_RXN_c
0.000376563,0.000376563,0,GLURS_RXN_c
0,0,0,GLURS_RXN_p
0,291.659569995046,291.659569995046,GLUTACONYL_COA_DECARBOXYLASE_RXN_x
0,291.659569995046,291.659569995046,GLUTACONYL_COA_CO_A_mc
-291.659569995046,0,291.659569995046,GLUTACONYL_COA_CO_A_xc
0,1000,1000,GLUTAMATE_DEHYDROGENASE_RXN_m
0,999.9994049011,999.9994049011,GLUTAMATE_N_ACETYLTRANSFERASE_RXN_p
-999.9982461389,0,999.9982461389,GLUTAMATE_SYNTHASE_FERREDOXIN_RXN_p
-1000,0,1000,GLUTAMATE_SYNTHASE_NADH_RXN_p
7.68782000477586e-05,7.68782000477586e-05,0,GLUTAMIDOTRANS_RXN_p
0,1000,1000,GLUTAMIN_RXN_c
0.00043235,0.00043235,0,GLUTAMINE__TRNA_LIGASE_RXN_c
0,1000,1000,GLUTAMINESYN_RXN_c
0,1000,1000,GLUTAMINESYN_RXN_m
5.35737e-05,974.60275357221,974.60269999851,GLUTAMINESYN_RXN_p
0,291.659569995046,291.659569995046,GLUTARYL_COA_DEHYDROG_RXN_m
0,968.124569089016,968.124569089016,GLUTATHIONE_PEROXIDASE_RXN_c
-1000,0,1000,GLUTATHIONE_REDUCT_NADPH_RXN_c
0,0,0,GLUTATHIONE_REDUCT_NADPH_RXN_m
-951.476692683871,-0.000173719700001129,951.476518964171,GLUTATHIONE_REDUCT_NADPH_RXN_p
-819.265827426177,0,819.265827426177,GLUTATHIONE_REDUCT_NADPH_RXN_x
0,1000,1000,GLUTATHIONE_SYN_RXN_c
0,1000,1000,GLUTATHIONE_SYN_RXN_p
0,0,0,GLUTATHIONE_biomass
0,1000,1000,GLUTATHIONE_pc
0,974.60260764701,974.60260764701,GLUTCYSLIG_RXN_p
0,535.70397180012,535.70397180012,GLUTDECARBOX_RXN_c
0,0,0,GLUTKIN_RXN_c
0,999.9994049011,999.9994049011,GLUTKIN_RXN_p
0,0,0,GLUTRNAREDUCT_RXN_p
-999.9994049011,0,999.9994049011,GLUTSEMIALDEHYDROG_RXN_p
0,1000,1000,GLY3KIN_RXN_p
0,0,0,GLYC3PDEHYDROG_RXN_c
-1000,-0.000287986999978784,999.999712013,GLYC3PDEHYDROGBIOSYN_RXN_c
-1000,0,1000,GLYCERATE_DEHYDROGENASE_RXN_c
-1000,0,1000,GLYCERATE_pc
0,0,0,GLYCEROL_1_PHOSPHATASE_RXN_c
0,999.999712013,999.999712013,GLYCEROL_DEHYDROGENASE_NADP_RXN_c
-1000,-0.000287986999978784,999.999712013,GLYCEROL_KIN_RXN_c
0,0,0,GLYCERONE_KINASE_RXN_c
0.000346849,0.000346849,0,GLYCINE__TRNA_LIGASE_RXN_c
-1000,1000,2000,GLYCINE_AMINOTRANSFERASE_RXN_x
0.001153073,999.99962385,999.998470777,GLYCOGENSYN_RXN_p
0,0,0,GLYCOLALD_DEHYDROG_RXN_c
-999.9998695481,1000,1999.9998695481,GLYOHMETRANS_RXN_p
0,0,0,GLYOXI_RXN_c
0,0,0,GLYOXII_RXN_c
-1000,0,1000,GLYOXYLATE_REDUCTASE_NADP_RXN_p
-1000,0,1000,GLYOX_pc
-90.787059153095,1000,1090.7870591531,GLYOX_xc
0,90.7870591530952,90.7870591530952,GLYRIBONUCSYN_RXN_p
-1000,999.999679274,1999.999679274,GLY_mc
-1000,1000,2000,GLY_pc
-554.29934101895,729.150632985611,1283.44997400456,GLY_xc
0,1000,1000,GMKALT_RXN_c
0,0,0,GMP_SYN_GLUT_RXN_c
0,0,0,GMP_SYN_NH3_RXN_c
0,0,0,GMP_biomass
0,405.125063994493,405.125063994493,GPH_RXN_p
0,0,0,GPPSYN_RXN_c
0,0,0,GPPSYN_RXN_p
0,0,0,GSAAMINOTRANS_RXN_p
0,0,0,GST_RXN_c
0,0,0,GTP_CYCLOHYDRO_I_RXN_c
0,0,0,GTP_CYCLOHYDRO_II_RXN_c
0,0,0,GTPPYPHOSKIN_RXN_c
0,0,0,GUANIDINOACETATE_N_METHYLTRANSFERASE_RXN_c
0,0,0,GUANINE_DEAMINASE_RXN_c
0,0,0,GUANOSINE_DEAMINASE_RXN_c
0,1000,1000,GUANOSINE_DIPHOSPHATASE_RXN_c
0,1000,1000,GUANOSINEKIN_RXN_c
0,0,0,GUANPRIBOSYLTRAN_RXN_c
0,1000,1000,GUANYL_KIN_RXN_c
0,0,0,GUANYLCYC_RXN_c
0,0,0,Galacturonate_biomass
0,1000,1000,Glycerate_xc
0,0,0,Glycerol_3P_biomass
-0.000287987,-0.000287987,0,Glycerol_biomass
0,1000,1000,Glycolate_pc
-1000,0,1000,Glycolate_xc
0,1000,1000,H(ATP)_rev_vc
0,1000,1000,H(PPi)_rev_vc
0.00695112322305482,83.3541152499801,83.347164126757,H_ATPase_c
0,0,0,H_PPiase_m
0,0,0,H2NEOPTERINALDOL_RXN_c
0,0,0,H2NEOPTERINP3PYROPHOSPHOHYDRO_RXN_c
-1000,1000,2000,H2O_mc
-1000,1000,2000,H2O_pc
-916.683330239142,-0.0252422753521842,916.65808796379,H2O_tx
0,0,0,H2O_vc
-1000,1000,2000,H2O_xc
0,0,0,H2PTERIDINEPYROPHOSPHOKIN_RXN_m
0,0,0,H2PTEROATESYNTH_RXN_m
0,0,0,HEMN_RXN_c
0,7.68782e-05,7.68782e-05,HISTALDEHYD_RXN_p
7.68782000477586e-05,7.68782000477586e-05,0,HISTAMINOTRANS_RXN_p
7.68782000477586e-05,7.68782000477586e-05,0,HISTCYCLOHYD_RXN_p
7.68782e-05,7.68782e-05,0,HISTIDINE__TRNA_LIGASE_RXN_c
0,0,0,HISTIDINE_DECARBOXYLASE_RXN_c
7.68782000477586e-05,7.68782000477586e-05,0,HISTIDPHOS_RXN_p
0,7.68782e-05,7.68782e-05,HISTOLDEHYD_RXN_p
7.68782000477586e-05,7.68782000477586e-05,0,HISTPRATPHYD_RXN_p
-1000,1000,2000,HIS_CITRULLINE_mc
-1000,1000,2000,HIS_ORNITHINE_mc
7.68782e-05,7.68782000477586e-05,4.77585771494274e-14,HIS_pc
0,0,0,HOMO_CYS_pc
0,0,0,HOMOCITRATE_SYNTHASE_RXN_c
0,0,0,HOMOCYSMET_RXN_c
5.35737e-05,5.35737e-05,-6.7762635780344e-21,HOMOCYSMETB12_RXN_p
0,658.50457953787,658.50457953787,HOMOCYSTEINE_S_METHYLTRANSFERASE_RXN_c
0,207.337271728018,207.337271728018,HOMOGENTISATE_12_DIOXYGENASE_RXN_c
0,0,0,HOMOGLUTATHIONE_SYNTHASE_RXN_c
0,513.725082159084,513.725082159084,HOMOSERDEHYDROG_RXN_(NADP)_p
-576.594327746147,0,576.594327746147,HOMOSERDEHYDROG_RXN_NAD_p
0.0002584647,576.594327746147,576.594069281447,HOMOSERKIN_RXN_p
-458.324932158104,0,458.324932158104,HS_mc
-501.476569971606,333.332922432667,834.809492404273,HS_pc
0,0,0,HYDROHEX_RXN_c
0,0,0,HYDROXYBUTYRATE_DIMER_HYDROLASE_RXN_c
0,0,0,HYDROXYMANDELONITRILE_LYASE_RXN_c
0,487.234276471594,487.234276471594,HYDROXYMETHYLGLUTARYL_COA_LYASE_RXN_c
0,324.067232303787,324.067232303787,HYDROXYMETHYLGLUTARYL_COA_LYASE_RXN_m
0,487.234276471594,487.234276471594,HYDROXYMETHYLGLUTARYL_COA_SYNTHASE_RXN_c
-999.999894578,1000,1999.999894578,HYDROXYPHNYL_TRANS_pc
0,0,0,HYDROXYPYRUVATE_REDUCTASE_RXN_NADP_p
-1000,0,1000,HYDROXYPYRUVATE_REDUCTASE_RXN_NAD_x
0,90.7870591530951,90.7870591530951,HYPOXANPRIBOSYLTRAN_RXN_c
0,69.4427578922395,69.4427578922395,ICOSANOYL_COA_SYNTHASE_RXN_NADP_c
0,72.4621023995878,72.4621023995878,ICOSANOYL_COA_SYNTHASE_RXN_NAD_c
4.86739e-05,4.86739e-05,0,IGPSYN_RXN_p
-224.354237748776,0,224.354237748776,ILE_mc
0.00018470299994533,224.354422451776,224.354237748776,ILE_pc
7.68782000477586e-05,7.68782000477586e-05,0,IMIDPHOSDEHYD_RXN_p
0,0,0,IMP_DEHYDROG_RXN_c
-90.7871360312949,-7.68782000477586e-05,90.7870591530949,IMPCYCLOHYDROLASE_RXN_p
0,0,0,INDOLE_3_ACETALDEHYDE_OXIDASE_RXN_c
0,0,0,INDOLE_ACETATE_AUXIN_biomass
0,0,0,INDOLE_ACETATE_AUXIN_pc
0,0,0,INOPHOSPHOR_RXN_c
0,1000,1000,INORGPYROPHOSPHAT_RXN_c
0.00152922300009552,1000,999.998470777,INORGPYROPHOSPHAT_RXN_p
0,500,500,INORGPYROPHOSPHAT_RXN_x
0,0,0,INOSINE_NUCLEOSIDASE_RXN_c
0,0,0,INOSITOL_H_vc
-1000,1000,2000,IPPISOM_RXN_c
0,0,0,IPPISOM_RXN_p
-1000,1000,2000,IPPISOM_RXN_x
0,0,0,ISOCHORSYN_RXN_c
0,729.150632985608,729.150632985608,ISOCIT_CLEAV_RXN_x
-1000,1000,2000,ISOCITDEH_RXN_c
-999.99994011,1000,1999.99994011,ISOCITDEH_RXN_m
0,819.265827426177,819.265827426177,ISOCITDEH_RXN_x
0,1000,1000,ISOCITRATE_DEHYDROGENASE_NAD_RXN_m
-1000,1000,2000,ISOCITRATE_ACONITATE_mc
0,0,0,ISOFLAVONE_2_HYDROXYLASE_RXN_c
0.000184703,0.000184703,0,ISOLEUCINE__TRNA_LIGASE_RXN_c
0,0,0,ISOPIPERITENOL_DEHYDROGENASE_RXN_c
0,0,0,ISPH2_RXN_NADP_p
0,0,0,ISPH2_RXN_NAD_p
0,0,0,K_rev_vc
0,0,0,KDO_8PPHOSPHAT_RXN_c
0,0,0,KDO_8PSYNTH_RXN_c
0,0,0,KDOTRANS_RXN_c
0,0,0,KDOTRANS2_RXN_c
0,0,0,KDPGALDOL_RXN_c
0,1000,1000,KETOHEXOKINASE_RXN_c
0,0,0,KETOLACTOSE_RXN_c
0,0,0,K_biomass
0,0,0,K_tx
0,0,0,L_3_CYANOALANINE_SYNTHASE_RXN_c
-974.60260764701,0,974.60260764701,L_ARABINITOL_4_DEHYDROGENASE_RXN_c
0,974.60260764701,974.60260764701,L_ARABINOKINASE_RXN_c
0,0,0,L_ASCORBATE_PEROXIDASE_RXN_m
0,0,0,L_ASCORBATE_PEROXIDASE_RXN_p
0,819.265827426177,819.265827426177,L_ASCORBATE_PEROXIDASE_RXN_x
0,0,0,L_ASPARTATE_OXID_RXN_p
-1000,1000,2000,L_ASPARTATE_GLU_mc
-1000,-0.000595098900021185,999.9994049011,L_ASPARTATE_pc
-1000,1000,2000,L_ASPARTATE_xc
0,999.9994049011,999.9994049011,L_CITRULLINE_pc
-1000,974.60260764701,1974.60260764701,L_GAMMA_GLUTAMYLCYSTEINE_pc
0,0,0,L_GLN_FRUCT_6_P_AMINOTRANS_RXN_c
0,0,0,L_GULONOLACTONE_OXIDASE_RXN_c
0,0,0,L_IDITOL_2_DEHYDROGENASE_RXN_c
0,0,0,L_LACTATE_DEHYDROGENASE_RXN_c
0,974.60260764701,974.60260764701,L_XYLULOSE_REDUCTASE_RXN_c
0,0,0,LACTALDDEHYDROG_RXN_c
0,0,0,LACTALDEHYDE_OXI_RXN_c
0,0,0,LEGHEMOGLOBIN_REDUCTASE_RXN_NADP_c
0,0,0,LEGHEMOGLOBIN_REDUCTASE_RXN_NAD_c
0.000362869,0.000362869,0,LEUCINE__TRNA_LIGASE_RXN_c
0,0,0,LEUCPEL_RXN_c
0,0,0,LEUKOTRIENE_A4_HYDROLASE_RXN_c
-324.067232303787,0,324.067232303787,LEU_mc
0.000362869000014143,324.067595172787,324.067232303787,LEU_pc
0,0,0,LICODIONE_2_O_METHYLTRANSFERASE_RXN_c
0,0,0,LINAMARIN_SYNTHASE_RXN_c
0,72.4620991114978,72.4620991114978,LINOLEIC_ACID_xc
0,71.7686818951198,71.7686818951198,LINOLENIC_ACID_xc
0,987.756869306806,987.756869306806,LINOLEOYL_RXN_c
0,0,0,LIPIDADISACCHARIDESYNTH_RXN_c
0,0,0,LIPIDXSYNTHESIS_RXN_c
0,0,0,LIPOXYGENASE_RXN_c
0,0,0,LTAA_RXN_c
0,0,0,LUMAZINESYN_RXN_c
0,0,0,LYSDECARBOX_RXN_c
0.000259756,0.000259756,0,LYSINE__TRNA_LIGASE_RXN_c
0,0,0,LYSINE_N_ACETYLTRANSFERASE_RXN_c
-1000,1000,2000,LYS_CITRULLINE_mc
-1000,1000,2000,LYS_HIS_mc
-1000,1000,2000,LYS_ORNITHINE_mc
0.000259755999991285,291.659829751046,291.659569995046,LYS_pc
0,116.663827998018,116.663827998018,Lauroyl_CoA_oxi_x
0,72.4620991114978,72.4620991114978,Linoleate_ACT_x
-0.000358365,-0.000358365,0,Linoleate_biomass
0.000358365000010963,72.4624574764978,72.4620991114978,Linoleate_pc
-0.000102964,-0.000102964,0,Linolenate_biomass
0.000102964,71.7687848591198,71.7686818951198,Linolenoyl_ACP_desaturase_p
0,71.7686818951198,71.7686818951198,Linolenoyl_CoA_oxi_x
0.000461329,72.4625604404977,72.4620991114977,Linoleoyl_ACP_desaturase_p
0.000358365,72.4624574764978,72.4620991114978,Linoleoyl_ACP_hydrolase_p
0,72.4620991114978,72.4620991114978,Linoleoyl_CoA_oxi_x
-1000,1000,2000,MALATE_DEH_RXN_c
-1000,900,1900,MALATE_DEH_RXN_m
-1000,1000,2000,MALATE_DEH_RXN_p
-652.15889200348,1000,1652.15889200348,MALATE_DEH_RXN_x
-1000,0,1000,MALATE_DEHYDROGENASE_NADP_RXN_p
0,207.337271728018,207.337271728018,MALEYLACETOACETATE_ISOMERASE_RXN_c
0,1000,1000,MALIC_NADP_RXN_c
0,999.9994049011,999.9994049011,MALIC_NADP_RXN_p
0,324.067232303787,324.067232303787,MALONATE_S_ALD_DH_m
0.00604755166,603.439640644859,603.433593093199,MALONYL_COA_ACP_TRANSACYL_RXN_p
0,999.99999671191,999.99999671191,MALONYL_COA_DECARBOXYLASE_RXN_c
0,584.975486312042,584.975486312042,MALSYN_RXN_x
0,0,0,MALTODEG_RXN_c
0,974.60260764701,974.60260764701,MALTODEXGLUCOSID_RXN_p
0,0,0,MALTOSE_pc
-1000,1000,2000,MAL_ACONITATE_mc
-1000,1000,2000,MAL_CIT_mc
0,746.072806865877,746.072806865877,MAL_H_rev_vc
0,746.072806865877,746.072806865877,MAL_H_vc
-1000,1000,2000,MAL_ISOCITRATE_mc
-1000,1000,2000,MAL_Pi_mc
-1000,1000,2000,MAL_SO4_mc
-1000,1000,2000,MAL_SUC_mc
-1000,982.362345001386,1982.36234500139,MAL_xc
0,0,0,MANDELONITRILE_LYASE_RXN_c
0,1000,1000,MANNITOL_1_PHOSPHATASE_RXN_c
0,1000,1000,MANNKIN_RXN_c
-1000,0,1000,MANNOSE_6_PHOSPHATE_6_REDUCTASE_RXN_c
-999.989827656852,0,999.989827656852,MANNPGUANYLTRANGDP_RXN_c
-0.00016082154797914,0,0.00016082154797914,MANNPISOM_RXN_c
0,271.080980448061,271.080980448061,MEPROPCOA_ETF_RXN_m
0,271.080980448061,271.080980448061,MEPROPCOA_FAD_RXN_m
0,0,0,MERCAPYSTRANS_RXN_c
7.68782000477586e-05,181.57419518439,181.57411830619,METHENYLTHFCYCLOHYDRO_RXN_c
5.35737e-05,5.35737e-05,0,METHIONINE__TRNA_LIGASE_RXN_c
0,0,0,METHIONINE_GAMMA_LYASE_RXN_c
0,658.50457953787,658.50457953787,METHIONINE_S_METHYLTRANSFERASE_RXN_c
0,224.354237748776,224.354237748776,METHYLACETOACETYLCOATHIOL_RXN_m
-271.080980448062,0,271.080980448062,METHYLACYLYLCOA_HYDROXY_RXN_m
0,324.067232303787,324.067232303787,METHYLCROTONYL_COA_CARBOXYLASE_RXN_m
-999.9998695481,1000,1999.9998695481,METHYLENE_THF_mc
-999.9998695481,1000,1999.9998695481,METHYLENE_THF_pc
7.68782000477586e-05,181.57419518439,181.57411830619,METHYLENETHFDEHYDROG_NADP_RXN_c
-324.067232303787,0,324.067232303787,METHYLGLUTACONYL_COA_HYDRATASE_RXN_m
0,0,0,METHYLMALONYL_COA_EPIM_RXN_c
0,170.787532735583,170.787532735583,METHYLTHIOADENOSINE_NUCLEOSIDASE_RXN_c
5.35737000291192e-05,5.35737000291192e-05,0,MET_pc
0,0,0,MEVALONATE_KINASE_RXN_c
0,0,0,MG2_rev_vc
0,0,0,MHPCHYDROL_RXN_c
0,658.50457953787,658.50457953787,MMUM_RXN_c
0,0,0,MONOPHENOL_MONOOXYGENASE_RXN_c
0,0,0,MTOB_pc
0,1000,1000,MYO_INOSITOL_1_KINASE_RXN_c
0,0,0,MYO_INOSITOL_1_PHOSPHATE_SYNTHASE_RXN_c
0,1000,1000,MYO_INOSITOL_1OR_4_MONOPHOSPHATASE_RXN_c
0,0,0,MYO_INOSITOL_2_DEHYDROGENASE_RXN_c
0,0,0,Maltose_biomass
0,0,0,Methanetiol_biomass
0,0,0,Mg_tx
0,907.349630046064,907.349630046064,Mitochondrial_ATP_Synthase_m
0,100.572265515533,100.572265515533,Myristate_ACT_x
-1.71105e-07,-1.71105e-07,0,Myristate_biomass
1.71104943547107e-07,100.572265686638,100.572265515533,Myristate_pc
-999.9994049011,0,999.9994049011,N_ACETYLGLUTPREDUCT_RXN_p
0,689.79103592427,689.79103592427,N_ACETYLTRANSFER_RXN_p
0,211.533162884581,211.533162884581,N_CARBAMOYLPUTRESCINE_AMIDASE_RXN_c
0,0,0,N_CARBAMOYLSARCOSINE_AMIDASE_RXN_c
0,1000,1000,NAD_KIN_RXN_c
0,0,0,NAD_KIN_RXN_p
0,0,0,NAD_SYNTH_GLN_RXN_c
0,0,0,NAD_SYNTH_NH3_RXN_c
0,1000,1000,NADH_DEHYDROG_A_RXN_m
0,1000,1000,NADH_KINASE_RXN_c
0,0,0,NADH_KINASE_RXN_x
0,0,0,NADPH_DEHYDROGENASE_FLAVIN_RXN_c
0,999.9982461389,999.9982461389,NADPH_Dehydrogenase_p
-5.989e-05,-5.989e-05,0,NADPHoxc_tx
-5.989e-05,-5.989e-05,0,NADPHoxm_tx
-5.989e-05,-5.989e-05,0,NADPHoxp_tx
0,0,0,NADPHoxx_tx
0,987.756869306806,987.756869306806,NADPYROPHOSPHAT_RXN_c
0,0,0,NAG1P_URIDYLTRANS_RXN_c
0,0,0,NAPHTHOATE_SYN_RXN_c
0,0,0,NARINGENIN_3_DIOXYGENASE_RXN_c
0,0,0,NARINGENIN_CHALCONE_SYNTHASE_RXN_c
0,0,0,NH3_mc
0,0,0,NH3_pc
0,0,0,NH3_xc
0,0,0,NH4_biomass
0,0.00698867110041124,0.00698867110041124,NH4_tx
0,0,0,NICONUCADENYLYLTRAN_RXN_c
0,0,0,NICOTINAMID_RXN_c
0,0,0,NICOTINATE_N_METHYLTRANSFERASE_RXN_c
0,0,0,NICOTINATEPRIBOSYLTRANS_RXN_c
0,0,0,NICOTINATE_NUCLEOTIDE_pc
-0.00698867110008905,0,0.00698867110008905,NITRATE_REDUCTASE_NADH_RXN_c
0,500,500,NITRATE_H_rev_vc
0,1000,1000,NITRATE_vc
0,0,0,NITRIC_OXIDE_SYNTHASE_RXN_m
0,0,0,NITRIC_OXIDE_biomass
-0.00698867110304491,0,0.00698867110304491,NITRITE_pc
0,0,0,NMNNUCLEOSID_RXN_c
0,0.00698867110029087,0.00698867110029087,NO3_tx
0,0,0,O_SUCCHOMOSERLYASE_RXN_c
0,0,0,O_SUCCINYLBENZOATE_COA_LIG_RXN_c
0,0,0,O_SUCCINYLBENZOATE_COA_SYN_RXN_c
-500.000029945,-2.9945000051157e-05,500,O2_mc
-999.993426439843,-0.00126264699997591,999.992163792843,O2_pc
0.0105321258338336,999.993486329844,999.98295420401,O2_tx
-889.056717302191,0,889.056717302191,O2_xc
-1000,1000,2000,OAA_ACONITATE_mc
-1000,1000,2000,OAA_CIT_mc
-1000,1000,2000,OAA_ISOCITRATE_mc
-1000,1000,2000,OAA_MAL_mc
-1000,1000,2000,OAA_MAL_pc
-1000,1000,2000,OAA_Pi_mc
-1000,1000,2000,OAA_SO4_mc
-1000,1000,2000,OAA_SUC_mc
-1000,1000,2000,OAA_xc
0,0,0,OHMETHYLBILANESYN_RXN_p
0,649.735071764674,649.735071764674,OHMETPYRKIN_RXN_c
0,76.1403782542134,76.1403782542134,OLEATE_CPD_xc
-493.878434653403,0,493.878434653403,ORNCARBAMTRANSFER_RXN_m
0.000255805000051623,493.878690458403,493.878434653403,ORNCARBAMTRANSFER_RXN_p
0,364.575178197093,364.575178197093,ORNDECARBOX_RXN_c
-364.575434002093,999.9991490961,1364.57458309819,ORNITHINE_GLU_AMINOTRANSFORASE_RXN_m
-1000,1000,2000,ORNITHINE_CITRULLINE_mc
-493.878690458403,999.9991490961,1493.8778395545,ORNITHINE_CITRULLINE_pc
0,0,0,OROPRIBTRANS_RXN_p
0,0,0,OROTATE_pc
0,0,0,OROTPDECARB_RXN_p
0,0,0,OXALATE__COA_LIGASE_RXN_c
0,907.875188319995,907.875188319995,OXALODECARB_RXN_p
0,0,0,OXALYL_COA_DECARBOXYLASE_RXN_c
0,76.1403782542134,76.1403782542134,Oleate_ACT_x
-0.00020708,-0.00020708,0,Oleate_biomass
0.000207079999995585,76.1405853342135,76.1403782542135,Oleate_pc
0,76.1403782542134,76.1403782542134,Oleoyl_CoA_oxi_x
0,0,0,P_AMINO_BENZOATE_mc
0,0,0,P_AMINO_BENZOATE_pc
0,0,0,P_PANTOCYSDECARB_RXN_c
0,0,0,P_PANTOCYSLIG_RXN_c
0,0,0,PABASYN_RXN_p
0.00014946900000723,85.7823759381313,85.7822264691313,PALMITATE_pc
0,487.301303823505,487.301303823505,PALMITATE_rev_xc
0,487.301303823505,487.301303823505,PALMITATE_xc
0,987.756869306806,987.756869306806,PALMITOYL_COA_HYDROLASE_RXN_c
0,658.50457953787,658.50457953787,PANTEPADENYLYLTRAN_RXN_c
0,0,0,PANTOATE_BETA_ALANINE_LIG_RXN_c
0,0,0,PANTOTHENATE_KIN_RXN_c
0,0,0,PAPS_biomass
0,0,0,PAPS_pc
0,0,0,PELUDP_RXN_c
-999.99999671191,0,999.99999671191,PEPCARBOX_RXN_c
0,1000,1000,PEPCARBOXYKIN_RXN_c
-1000,0,1000,PEPDEPHOS_RXN_c
-1000,0,1000,PEPDEPHOS_RXN_p
-1000,1000,2000,PEP_Pi_pc
-1000,983.000874255465,1983.00087425546,PGLUCISOM_RXN_c
-1000,999.998846927,1999.998846927,PGLUCISOM_RXN_p
0,1000,1000,PGLYCDEHYDROG_RXN_p
-1000,1000,2000,PHEAMINOTRANS_RXN_c
0,0,0,PHENDEHYD_RXN_c
0.000229993,0.000229993,0,PHENYLALANINE__TRNA_LIGASE_RXN_c
0,0,0,PHENYLALANINE_AMMONIA_LYASE_RXN_c
0,0,0,PHENYLPYRUVATE_DECARBOXYLASE_RXN_c
0,0,0,PHENYLPYRUVATE_TAUTOMERASE_RXN_c
0.000229992999948081,0.000229992999948081,0,PHE_pc
0,0,0,PHOSACETYLGLUCOSAMINEMUT_RXN_c
-1000,1000,2000,PHOSGLYPHOS_RXN_c
-1000,1000,2000,PHOSGLYPHOS_RXN_p
-0.00016082154797914,0,0.00016082154797914,PHOSMANMUT_RXN_c
0,0,0,PHOSNACMURPENTATRANS_RXN_c
0,1000,1000,PHOSPHOENOLPYRUVATE_PHOSPHATASE_RXN_c
-1000,-0.00356679661797443,999.996433203382,PHOSPHOGLUCMUT_RXN_c
-974.60376072001,-0.00115307299995493,974.60260764701,PHOSPHOGLUCMUT_RXN_p
0,0,0,PHOSPHOMEVALONATE_KINASE_RXN_x
0,840.750050288164,840.750050288164,PHOSPHORIBULOKINASE_RXN_p
0,0,0,PLASTOQUINOL__PLASTOCYANIN_REDUCTASE_RXN_p
0,0,0,PMPOXI_RXN_c
0,1000,1000,PNKIN_RXN_c
0,800.354757867509,800.354757867509,PNPOXI_RXN_c
0,0,0,POLYAMINE_OXIDASE_RXN_c
0,0,0,PORPHOBILSYNTH_RXN_p
4.8673899982532e-05,4.8673899982532e-05,0,PRAISOM_RXN_p
0,0,0,PREPHENATE_ASP_TRANSAMINE_RXN_c
-207.337607143018,-0.00033541499999501,207.337271728018,PREPHENATE_TRANSAMINE_RXN_p
0,0,0,PREPHENATEDEHYDRAT_RXN_c
7.68782000477586e-05,7.68782000477586e-05,0,PRIBFAICARPISOM_RXN_p
0.000445655,0.000445655,0,PROLINE__TRNA_LIGASE_RXN_c
0,1000,1000,PROLINE_DEHYDROGENASE_m
0,1000,1000,PROLINE_MULTI_c
0,999.9994049011,999.9994049011,PROLINE_MULTI_p
0,0,0,PROPIONATE__COA_LIGASE_RXN_c
0,324.067232303787,324.067232303787,PROPIONYL_COA_mc
0,324.067232303787,324.067232303787,PROPIONYL_COA_xc
0,0,0,PROSTAGLANDIN_E_SYNTHASE_RXN_c
0,0,0,PROTOHEMEFERROCHELAT_RXN_c
-888.804264624288,1000,1888.80426462429,PROTON_mc
-1000,1000,2000,PROTON_pc
0.00502073360905797,0.0189980758060528,0.0139773421969949,PROTON_tx
0,0,0,PROTON_vc
-1000,595.804941095713,1595.80494109571,PROTON_xc
0,0,0,PROTOPORGENOXI_RXN_m
0,0,0,PROTOPORGENOXI_RXN_p
0,0,0,PROTOPORPHYRINOGEN_mc
-1000,1000,2000,PRO_GLU_mc
-1000,1000,2000,PRO_mc
0,999.9994049011,999.9994049011,PRO_pc
-90.7870591530951,0,90.7870591530951,PRPPAMIDOTRANS_RXN_p
0,170.787532735583,170.787532735583,PRPPSYN_RXN_c
0.000125552100030291,90.7871847051951,90.7870591530951,PRPPSYN_RXN_p
-4.8673899982532e-05,-4.8673899982532e-05,0,PRTRANS_RXN_p
-1000,0,1000,PSERTRANSAM_RXN_p
0,0,0,PSERTRANSAMPYR_RXN_c
0,0,0,PSEUDOURIDINE_KINASE_RXN_c
0,0,0,PSII_RXN_p
0,364.575178197093,364.575178197093,PUTRESCINE_OXIDASE_RXN_c
0,1000,1000,PYRAMKIN_RXN_c
-800.354757867509,0,800.354757867509,PYRIDOXINE_4_DEHYDROGENASE_RXN_c
0,1000,1000,PYRIDOXKIN_RXN_c
0,0,0,PYRIMSYN1_RXN_c
0,649.735071764674,649.735071764674,PYRIMSYN3_RXN_c
0,1000,1000,PYRNUTRANSHYDROGEN_RXN_c
-1000,0,1000,PYRROLINECARBREDUCT_RXN_NADP_c
-958.511801817498,0,958.511801817498,PYRROLINECARBREDUCT_RXN_NADP_p
-1000,0,1000,PYRROLINECARBREDUCT_RXN_NAD_c
-999.9994049011,0,999.9994049011,PYRROLINECARBREDUCT_RXN_NAD_p
0,1000,1000,PYRUVATEORTHOPHOSPHATE_DIKINASE_RXN_c
0,999.998470777,999.998470777,PYRUVATEORTHOPHOSPHATE_DIKINASE_RXN_p
-729.15127268352,0,729.15127268352,PYRUVATE_H_mc
-1000,1000,2000,PYRUVATE_pc
0,85.7822264691312,85.7822264691312,Palmitate_ACT_x
-0.000149469,-0.000149469,0,Palmitate_biomass
0,85.7822264691312,85.7822264691312,Palmityl_CoA_oxi_x
0,0,0,Photon_tx
-1000,1000,2000,Pi_H_mc
-1000,1000,2000,Pi_H_pc
0,0,0,Pi_biomass
0,0,0,Pi_tx
0,0,0,Pi_vc
0,1000,1000,Pi_xc
0,285.713784611114,285.713784611114,Plastidial_ATP_Synthase_p
0.0050057608,0.0050057608,0,Protein_Polymerisation_c
0.0050057608,0.0050057608,0,Protein_Processing_c
0.0050057608,0.0050057608,0,Protein_Translocation_c
0,0,0,QUERCETIN_3_O_METHYLTRANSFERASE_RXN_c
0,0,0,QUINOLINATE_SYNTHA_RXN_p
0,0,0,QUINOPRIBOTRANS_RXN_p
0,0,0,R12_RXN_c
0,0,0,R123_RXN_c
0,170.787532735583,170.787532735583,R145_RXN_c
0,0,0,R146_RXN_c
0,170.787532735583,170.787532735583,R147_RXN_c
0,0,0,R222_RXN_c
0,0,0,R223_RXN_c
0,0,0,R267_RXN_c
0,0,0,R314_RXN_c
0,0,0,R524_RXN_c
0,170.787532735583,170.787532735583,R82_RXN_c
0,170.787532735583,170.787532735583,R83_RXN_c
0,0,0,RETICULINE_OXIDASE_RXN_c
0,0,0,RHAMNOSE_biomass
-170.787532735583,0,170.787532735583,RIB5PISOM_RXN_c
-333.334863536252,202.372781943914,535.707645480166,RIB5PISOM_RXN_p
0,0,0,RIBOFLAVIN_SYN_RXN_c
0,0,0,RIBOFLAVINKIN_RXN_c
0,0,0,RIBOFLAVINSYNDEAM_RXN_c
0,0,0,RIBOFLAVINSYNREDUC_RXN_c
0,0,0,RIBOKIN_RXN_c
0,0,0,RIBOPHOSPHAT_RXN_c
-840.750050288164,0,840.750050288164,RIBULOSE_BISPHOSPHATE_CARBOXYLASE_RXN_p
-170.787532735583,1000,1170.78753273558,RIBULP3EPIM_RXN_c
-547.60334193807,666.666858028029,1214.2701999661,RIBULP3EPIM_RXN_p
0,0,0,RNA_Processing_c
0,0,0,RXN_10032_c
0,0,0,RXN_10035_c
0,0,0,RXN_10060_c
0,0,0,RXN_10061_c
0,0,0,RXN_10062_c
0,0,0,RXN_10068_c
0,0,0,RXN_10130_c
0,0,0,RXN_10131_c
0,0,0,RXN_10132_c
0,0,0,RXN_10138_c
-1000,1000,2000,RXN_10139_c
0,0,0,RXN_10244_c
0,0,0,RXN_10429_c
0,0,0,RXN_10430_c
0,0,0,RXN_10431_c
0,0,0,RXN_10432_c
0,0,0,RXN_10433_c
0,0,0,RXN_10434_c
0,0,0,RXN_10435_c
0,0,0,RXN_10454_c
0,0,0,RXN_10464_c
0,0,0,RXN_1061_c
0,0,0,RXN_10625_c
0,0,0,RXN_10629_c
0,0,0,RXN_1062_c
0,999.996433203382,999.996433203382,RXN_10639_c
0,0,0,RXN_1063_c
0,0,0,RXN_10659_c
0,0,0,RXN_1065_c
0,0,0,RXN_10688_c
0,0,0,RXN_10695_c
0,0,0,RXN_10696_c
0,0,0,RXN_10697_c
0,0,0,RXN_10698_c
0,0,0,RXN_10699_c
0,0,0,RXN_10700_c
0,0,0,RXN_10701_c
0,0,0,RXN_10702_c
0,0,0,RXN_10703_c
0,0,0,RXN_10704_c
0,0,0,RXN_10705_c
0,0,0,RXN_10706_c
0,0,0,RXN_10707_c
0,0,0,RXN_10708_c
0,0,0,RXN_10711_c
0,0,0,RXN_10727_c
1.71105e-07,100.572265686638,100.572265515533,RXN_10727_p
0,0,0,RXN_10741_c
0,952.468966234141,952.468966234141,RXN_10745_NADP_c
0,968.124569089015,968.124569089015,RXN_10745_NAD_c
0,0,0,RXN_10747_c
0,0,0,RXN_10749_c
0,0,0,RXN_10756_c
0,0,0,RXN_10763_c
0,0,0,RXN_10769_c
0,987.756869306806,987.756869306806,RXN_10770_p
0,0,0,RXN_10772_c
0,0,0,RXN_10773_c
0,0,0,RXN_10774_c
0,1000,1000,RXN_10783_c
0,0,0,RXN_10786_c
0,0,0,RXN_10787_c
0,0,0,RXN_10788_c
0,658.504579537871,658.504579537871,RXN_10811_c
-1000,1000,2000,RXN_10814_c
0,0,0,RXN_10825_c
0,0,0,RXN_10841_c
0,0,0,RXN_10851_c
0,1000,1000,RXN_10862_c
0,0,0,RXN_10884_c
0,0,0,RXN_10885_c
0,0,0,RXN_10886_c
0,0,0,RXN_10887_c
0,324.867535882337,324.867535882337,RXN_10940_c
0,0,0,RXN_10952_c
0,0,0,RXN_10953_c
0,0,0,RXN_10954_c
0,1000,1000,RXN_10956_c
0,0,0,RXN_10967_c
0,0,0,RXN_10971_c
0,0,0,RXN_10972_c
0,0,0,RXN_10973_c
0,0,0,RXN_10974_c
0,0,0,RXN_10979_c
0,1000,1000,RXN_11002_c
0,0,0,RXN_1101_c
0,0,0,RXN_1102_c
0,0,0,RXN_1103_c
0,0,0,RXN_1104_c
0,0,0,RXN_11052_c
0,0,0,RXN_11061_c
0,0,0,RXN_11062_c
0,0,0,RXN_1106_c
0,0,0,RXN_11083_c
0,0,0,RXN_11085_c
0,0,0,RXN_11086_c
0,0,0,RXN_11087_c
0,0,0,RXN_11101_c
0,0,0,RXN_11112_c
0,0,0,RXN_11151_c
0,0,0,RXN_11152_c
0,0,0,RXN_11186_c
0,0,0,RXN_11190_c
0,0,0,RXN_111_c
0,271.080980448061,271.080980448061,RXN_11213_m
0,0,0,RXN_1121_c
0,0,0,RXN_11241_c
0,0,0,RXN_11257_c
0,0,0,RXN_11258_c
0,0,0,RXN_11259_c
0,0,0,RXN_1125_c
0,0,0,RXN_11261_c
0,0,0,RXN_11263_c
0,0,0,RXN_11264_c
0,0,0,RXN_11265_c
0,0,0,RXN_11267_c
0,0,0,RXN_11268_c
0,0,0,RXN_1126_c
0,0,0,RXN_11322_c
0,0,0,RXN_11324_c
0,0,0,RXN_11325_c
0,0,0,RXN_11336_c
0,0,0,RXN_11340_c
0,0,0,RXN_11354_c
0,0,0,RXN_11355_c
0,0,0,RXN_11369_c
0,0,0,RXN_11382_c
0,0,0,RXN_11385_NADP_c
0,0,0,RXN_11385_NAD_c
0,0,0,RXN_11387_NADP_c
0,0,0,RXN_11387_NAD_c
0,0,0,RXN_11388_NADP_c
0,0,0,RXN_11388_NAD_c
0,0,0,RXN_11396_c
0,0,0,RXN_11397_c
0,0,0,RXN_113_c
0,0,0,RXN_11400_c
0,0,0,RXN_11403_c
0,0,0,RXN_11412_c
0,0,0,RXN_11413_c
0,0,0,RXN_11414_c
0,0,0,RXN_11415_c
0,0,0,RXN_11416_c
0,0,0,RXN_11417_c
0,0,0,RXN_11418_c
0,0,0,RXN_11419_c
0,0,0,RXN_11428_c
0,0,0,RXN_1142_c
0,0,0,RXN_1143_c
0,0,0,RXN_1144_c
0,0,0,RXN_11468_c
0,0,0,RXN_11484_c
0,0,0,RXN_11486_c
0,0,0,RXN_114_c
0,974.60260764701,974.60260764701,RXN_11501_c
0,974.60260764701,974.60260764701,RXN_11502_c
0,0,0,RXN_11505_c
0,0,0,RXN_11524_c
0,0,0,RXN_11527_c
0,0,0,RXN_11529_c
0,0,0,RXN_11530_c
0,0,0,RXN_11531_c
0,0,0,RXN_11537_c
0,0,0,RXN_11538_c
0,0,0,RXN_11539_c
0,0,0,RXN_11552_c
0,0,0,RXN_11565_c
0,0,0,RXN_11566_c
0,0,0,RXN_11575_c
0,0,0,RXN_115_c
0,0,0,RXN_11619_c
0,0,0,RXN_11623_c
0,0,0,RXN_11625_c
0,0,0,RXN_11626_c
0,0,0,RXN_11654_c
0,0,0,RXN_11655_c
0,0,0,RXN_11658_c
0,0,0,RXN_11659_c
0,0,0,RXN_11660_c
0,1000,1000,RXN_11662_c
0,0,0,RXN_11667_c
0,0,0,RXN_11669_c
0,0,0,RXN_11684_c
0,0,0,RXN_11685_c
0,0,0,RXN_11686_c
0,0,0,RXN_11695_c
0,0,0,RXN_11705_c
0,0,0,RXN_11733_c
0,170.794495984189,170.794495984189,RXN_11811_c
0,1000,1000,RXN_11832_c
0,0,0,RXN_11852_c
0,0,0,RXN_11881_c
0,0,0,RXN_11887_c
0,0,0,RXN_118_c
0,0,0,RXN_11907_c
0,0,0,RXN_11908_c
0,0,0,RXN_11911_c
0,0,0,RXN_11916_c
0,0,0,RXN_11925_c
0,0,0,RXN_11926_c
0,0,0,RXN_11927_c
0,0,0,RXN_11928_c
0,0,0,RXN_11929_c
0,0,0,RXN_11930_c
0,0,0,RXN_11931_c
0,0,0,RXN_11932_c
0,0,0,RXN_11933_c
0,0,0,RXN_11934_c
0,0,0,RXN_11935_c
0,0,0,RXN_11936_c
0,0,0,RXN_11937_c
0,0,0,RXN_11938_c
0,0,0,RXN_11939_c
0,0,0,RXN_11956_c
0,0,0,RXN_11957_c
0,333.332748712967,333.332748712967,RXN_12019_c
0,0,0,RXN_12042_c
0,0,0,RXN_12063_c
0,0,0,RXN_12064_c
0,0,0,RXN_12070_c
0,0,0,RXN_12078_c
0,0,0,RXN_12085_c
0,0,0,RXN_12086_c
0,0,0,RXN_12087_c
0,0,0,RXN_12089_c
0,0,0,RXN_12090_c
0,0,0,RXN_12091_c
0,0,0,RXN_12123_c
0,0,0,RXN_12127_c
0,0,0,RXN_12131_c
0,0,0,RXN_12132_c
0,0,0,RXN_12140_c
0,0,0,RXN_12141_c
0,0,0,RXN_12142_c
0,0,0,RXN_12155_c
0,0,0,RXN_12156_c
0,0,0,RXN_12157_c
0,0,0,RXN_12165_c
0,1000,1000,RXN_12195_c
0,999.996433203382,999.996433203382,RXN_12196_c
0,1000,1000,RXN_12197_c
0,1000,1000,RXN_12198_c
0,974.60260764701,974.60260764701,RXN_12199_c
0,974.60260764701,974.60260764701,RXN_12200_c
0,0,0,RXN_1223_c
0,0,0,RXN_12240_c
0,0,0,RXN_12243_c
0,0,0,RXN_12244_c
0,0,0,RXN_12281_c
0,0,0,RXN_12292_c
0,0,0,RXN_12293_c
0,0,0,RXN_12295_c
0,0,0,RXN_12296_c
0,0,0,RXN_12297_c
0,0,0,RXN_12299_c
0,0,0,RXN_12300_c
0,0,0,RXN_12304_c
0,0,0,RXN_12307_c
0,0,0,RXN_12319_c
0,0,0,RXN_12320_c
0,0,0,RXN_12325_c
0,0,0,RXN_12349_c
0,0,0,RXN_12350_c
0,987.756869306805,987.756869306805,RXN_12359_c
0,0,0,RXN_12360_c
0,0,0,RXN_12361_c
0,0,0,RXN_12370_c
0,0,0,RXN_12393_c
0,0,0,RXN_12394_c
0,0,0,RXN_12395_c
0,0,0,RXN_12396_c
0,0,0,RXN_12405_NADP_c
0,0,0,RXN_12405_NAD_c
0,0,0,RXN_12421_c
0,0,0,RXN_12428_c
0,0,0,RXN_12430_c
0,0,0,RXN_12449_c
0,0,0,RXN_12451_c
0,987.756869306805,987.756869306805,RXN_12460_c
0,0,0,RXN_12490_c
0,0,0,RXN_12510_c
0,0,0,RXN_12529_c
0,0,0,RXN_12540_c
0,500,500,RXN_12541_c
0,0,0,RXN_12561_c
0,0,0,RXN_12565_c
0,0,0,RXN_12567_c
0,0,0,RXN_12570_c
0,0,0,RXN_12590_c
0,0,0,RXN_12613_c
0,0,0,RXN_12616_c
0,0,0,RXN_12642_c
0,1000,1000,RXN_12644_c
0,0,0,RXN_12645_c
0,0,0,RXN_12669_c
0,0,0,RXN_12673_c
0,0,0,RXN_12678_c
0,0,0,RXN_12680_c
0,0,0,RXN_12681_c
0,0,0,RXN_12682_c
0,0,0,RXN_12683_c
0,0,0,RXN_12686_c
0,0,0,RXN_12718_c
0,0,0,RXN_12726_c
0,0,0,RXN_12728_c
0,0,0,RXN_12729_c
0,0,0,RXN_12730_c
0,1000,1000,RXN_12752_c
0,1000,1000,RXN_12753_c
0,1000,1000,RXN_12754_c
0,0,0,RXN_12799_c
0,0,0,RXN_12861_c
0,0,0,RXN_12862_c
0,0,0,RXN_12864_c
0,0,0,RXN_12869_c
0,0,0,RXN_12870_c
0,0,0,RXN_12871_c
0,0,0,RXN_12872_c
0,0,0,RXN_12876_c
0,1000,1000,RXN_12878_c
0,0,0,RXN_12884_c
0,0,0,RXN_12893_c
0,0,0,RXN_12894_c
0,0,0,RXN_12895_c
0,0,0,RXN_12896_c
0,0,0,RXN_12898_c
0,0,0,RXN_12930_c
0,0,0,RXN_12940_NADP_c
0,0,0,RXN_12940_NAD_c
0,0,0,RXN_12943_c
0,0,0,RXN_12963_c
0,0,0,RXN_12965_c
0,0,0,RXN_12979_c
0,0,0,RXN_13008_c
0,0,0,RXN_13061_c
0,1000,1000,RXN_13072_c
0,0,0,RXN_13077_c
0,0,0,RXN_13121_c
0,0,0,RXN_13122_c
0,0,0,RXN_13139_c
0,0,0,RXN_13142_c
0,0,0,RXN_13150_c
0,0,0,RXN_13151_c
0,0,0,RXN_13152_c
0,0,0,RXN_13158_c
0,0,0,RXN_13162_NADP_c
0,0,0,RXN_13162_NAD_c
0,0,0,RXN_13163_c
0,0,0,RXN_13169_c
0,0,0,RXN_13183_c
0,484.062284544508,484.062284544508,RXN_13185_c
0,0,0,RXN_13188_NADP_c
0,0,0,RXN_13188_NAD_c
0,0,0,RXN_13189_c
0,0,0,RXN_13190_c
0,0,0,RXN_13191_c
0,476.234483117071,476.234483117071,RXN_13193_NADP_c
0,484.062284544508,484.062284544508,RXN_13193_NAD_c
0,0,0,RXN_13197_c
0,0,0,RXN_13198_c
0,0,0,RXN_13202_c
0,0,0,RXN_1321_c
0,0,0,RXN_13290_c
0,69.4427578922395,69.4427578922395,RXN_13294_c
0,0,0,RXN_13295_c
0,0,0,RXN_13296_c
0,0,0,RXN_13297_c
-69.4427578922396,0,69.4427578922396,RXN_13298_c
0,0,0,RXN_13299_c
0,0,0,RXN_13300_c
0,0,0,RXN_13301_c
0,69.4427578922395,69.4427578922395,RXN_13302_c
0,0,0,RXN_13303_c
0,0,0,RXN_13304_c
0,0,0,RXN_13305_c
-69.4427578922396,0,69.4427578922396,RXN_13306_c
0,0,0,RXN_13307_c
0,0,0,RXN_13308_c
0,0,0,RXN_13309_c
0,0,0,RXN_13323_c
0,0,0,RXN_13371_c
0,0,0,RXN_13397_c
0,0,0,RXN_13398_c
0,0,0,RXN_13403_c
0,0,0,RXN_13405_c
0,0,0,RXN_13414_c
0,0,0,RXN_13433_c
0,0,0,RXN_13452_c
0,0,0,RXN_13459_c
0,0,0,RXN_1345_c
0,0,0,RXN_13463_c
0,0,0,RXN_13467_c
0,0,0,RXN_1346_c
0,1000,1000,RXN_13470_c
0,0,0,RXN_13472_c
0,0,0,RXN_13473_c
0,0,0,RXN_1347_c
0,0,0,RXN_13489_c
0,0,0,RXN_13491_c
0,0,0,RXN_13492_c
0,0,0,RXN_13493_c
0,0,0,RXN_13494_c
0,0,0,RXN_13497_c
0,0,0,RXN_13498_c
0,0,0,RXN_13499_c
0,0,0,RXN_1349_c
0,0,0,RXN_13500_c
0,0,0,RXN_13501_c
0,0,0,RXN_13502_c
0,0,0,RXN_13503_c
0,0,0,RXN_13504_c
0,0,0,RXN_13505_c
0,0,0,RXN_13506_c
0,0,0,RXN_13507_c
0,0,0,RXN_13509_c
0,0,0,RXN_13511_c
0,0,0,RXN_13512_c
0,0,0,RXN_13513_c
0,0,0,RXN_13514_c
0,0,0,RXN_13515_c
0,0,0,RXN_13516_c
0,0,0,RXN_13517_c
0,0,0,RXN_13518_c
0,0,0,RXN_13520_c
0,0,0,RXN_13521_c
0,0,0,RXN_13536_c
0,0,0,RXN_13564_c
0,0,0,RXN_13565_c
0,0,0,RXN_13587_c
0,987.756869306805,987.756869306805,RXN_13614_c
0,0,0,RXN_13616_c
0,0,0,RXN_13617_c
0,0,0,RXN_13628_c
0,0,0,RXN_13637_c
0,0,0,RXN_13641_c
0,0,0,RXN_13642_c
0,0,0,RXN_13643_c
0,0,0,RXN_13675_c
0,0,0,RXN_13681_c
0,0,0,RXN_13689_c
0,0,0,RXN_13699_c
0,0,0,RXN_13700_c
0,0,0,RXN_13707_c
0,0,0,RXN_13718_c
0,999.996433203382,999.996433203382,RXN_13720_c
0,0,0,RXN_13721_c
0,0,0,RXN_13728_c
0,0,0,RXN_13734_c
0,0,0,RXN_13735_c
0,0,0,RXN_13736_c
0,1000,1000,RXN_13748_c
0,0,0,RXN_13760_c
0,0,0,RXN_13803_c
0,0,0,RXN_13805_c
0,0,0,RXN_13813_c
0,0,0,RXN_13814_c
0,0,0,RXN_13898_c
0,0,0,RXN_13899_c
0,0,0,RXN_13900_c
0,0,0,RXN_13901_c
0,0,0,RXN_13902_c
0,0,0,RXN_13903_c
0,0,0,RXN_13904_c
0,0,0,RXN_13905_c
0,0,0,RXN_13906_c
0,0,0,RXN_13938_c
0,0,0,RXN_13939_c
0,0,0,RXN_13960_c
0,0,0,RXN_13962_c
0,0,0,RXN_13968_c
0,0,0,RXN_13974_c
0,0,0,RXN_14001_c
0,0,0,RXN_14014_c
0,1000,1000,RXN_14025_c
0,1000,1000,RXN_14026_c
0,1000,1000,RXN_14046_c
0,0,0,RXN_14048_c
0,0,0,RXN_14056_c
0,0,0,RXN_14060_c
0,0,0,RXN_14069_c
0,0,0,RXN_14070_c
0,0,0,RXN_14071_c
0,0,0,RXN_14073_c
0,0,0,RXN_14075_c
0,0,0,RXN_14076_c
0,0,0,RXN_14077_c
0,0,0,RXN_14078_c
0,0,0,RXN_14079_c
0,0,0,RXN_14080_c
0,0,0,RXN_14081_c
0,0,0,RXN_14082_c
0,0,0,RXN_14083_c
0,0,0,RXN_14084_c
0,0,0,RXN_14085_c
0,0,0,RXN_14086_c
0,0,0,RXN_14087_c
0,0,0,RXN_14088_c
0,0,0,RXN_14089_c
0,0,0,RXN_14093_c
0,0,0,RXN_14100_c
0,0,0,RXN_14102_c
0,1000,1000,RXN_14116_c
0,84.5565747014121,84.5565747014121,RXN_14120_c
0,974.602607647011,974.602607647011,RXN_14139_c
0,974.60260764701,974.60260764701,RXN_14140_c
0,0,0,RXN_14166_c
0,0,0,RXN_14172_c
0,1000,1000,RXN_14181_c
0,974.602607647011,974.602607647011,RXN_14182_c
0,1000,1000,RXN_14187_c
0,0,0,RXN_14188_c
0,974.60260764701,974.60260764701,RXN_14195_c
0,974.60260764701,974.60260764701,RXN_14198_c
0,0,0,RXN_14199_c
0,974.60260764701,974.60260764701,RXN_14200_c
0,974.602607647009,974.602607647009,RXN_14201_c
0,974.60260764701,974.60260764701,RXN_14208_c
0,1000,1000,RXN_14213_c
0,1000,1000,RXN_14214_c
0,1000,1000,RXN_14215_c
0,1000,1000,RXN_14216_c
0,1000,1000,RXN_14217_c
0,1000,1000,RXN_14218_c
0,1000,1000,RXN_14219_c
0,0,0,RXN_14220_c
0,0,0,RXN_14228_c
0,0,0,RXN_14239_c
0,0,0,RXN_14240_c
0,0,0,RXN_14274_c
0,0,0,RXN_14275_c
0,0,0,RXN_14277_c
0,0,0,RXN_14301_c
0,974.60260764701,974.60260764701,RXN_14325_c
0,0,0,RXN_14334_c
0,0,0,RXN_14396_c
0,0,0,RXN_14422_c
0,0,0,RXN_14423_c
0,0,0,RXN_14424_c
0,0,0,RXN_14425_c
0,0,0,RXN_14426_c
0,0,0,RXN_14427_c
0,0,0,RXN_1442_c
0,0,0,RXN_14453_c
0,0,0,RXN_14496_c
0,1000,1000,RXN_14500_c
0,0,0,RXN_14501_c
0,0,0,RXN_14503_c
0,0,0,RXN_14505_c
0,0,0,RXN_14536_c
0.00598410181357815,733.074214496737,733.068230394924,RXN_1461_c
0,0,0,RXN_1461_v
0,0,0,RXN_14661_c
0,1000,1000,RXN_14685_c
0,0,0,RXN_14704_c
0,0,0,RXN_14748_c
0,0,0,RXN_14750_c
0,0,0,RXN_14751_c
0,0,0,RXN_14752_c
0,0,0,RXN_14754_c
0,0,0,RXN_14759_c
0,0,0,RXN_14760_NADP_c
0,0,0,RXN_14760_NAD_c
0,0,0,RXN_14766_c
0,0,0,RXN_14767_NADP_c
0,0,0,RXN_14767_NAD_c
0,0,0,RXN_14812_c
0,0,0,RXN_14813_c
0,0,0,RXN_14815_c
0,0,0,RXN_14816_c
0,0,0,RXN_1481_c
0,0,0,RXN_14834_c
0,0,0,RXN_14835_c
0,0,0,RXN_1484_c
0,0,0,RXN_14869_c
0,0,0,RXN_14870_c
0,0,0,RXN_14879_c
0,0,0,RXN_14882_c
0,0,0,RXN_14904_c
0,0,0,RXN_14912_c
0,0,0,RXN_14917_c
0,0,0,RXN_14918_c
0,0,0,RXN_14919_c
0,0,0,RXN_14921_c
0,0,0,RXN_14922_c
0,0,0,RXN_14972_c
0,0,0,RXN_14973_c
0,0,0,RXN_14978_c
0,0,0,RXN_14981_c
0,0,0,RXN_14993_c
0,0,0,RXN_14994_NADP_c
0,0,0,RXN_14994_NAD_c
0,0,0,RXN_14995_c
0,0,0,RXN_14996_c
-1000,1000,2000,RXN_14997_c
0,0,0,RXN_15029_NADP_c
0,0,0,RXN_15029_NAD_c
0,0,0,RXN_15046_c
0,987.756869306806,987.756869306806,RXN_15065_c
0,987.756869306806,987.756869306806,RXN_15066_c
0,324.067417006787,324.067417006787,RXN_15121_c
0,324.067417006787,324.067417006787,RXN_15122_c
0,324.067417006787,324.067417006787,RXN_15123_c
0,850.320840492831,850.320840492831,RXN_15124_c
0,850.320840492831,850.320840492831,RXN_15125_c
0,850.320840492831,850.320840492831,RXN_15127_c
0,501.476569971606,501.476569971606,RXN_15129_c
0,0,0,RXN_15131_c
0,0,0,RXN_15137_c
-1000,1000,2000,RXN_15200_c
0,0,0,RXN_15234_c
0,0,0,RXN_15236_c
0,0,0,RXN_15283_c
0,0,0,RXN_15297_c
0,0,0,RXN_15321_c
0,0,0,RXN_15322_c
0,0,0,RXN_15323_c
0,0,0,RXN_15325_c
0,0,0,RXN_15326_c
0,0,0,RXN_15327_c
0,0,0,RXN_15328_c
0,0,0,RXN_15329_c
0,0,0,RXN_15330_c
0,0,0,RXN_15331_c
0,0,0,RXN_15332_c
0,0,0,RXN_15333_c
0,0,0,RXN_15335_c
-1000,1000,2000,RXN_15345_c
-1000,1000,2000,RXN_15346_c
0,333.332748712967,333.332748712967,RXN_15348_c
0,0,0,RXN_15348_p
0,0,0,RXN_15350_c
0,0,0,RXN_15351_c
0,0,0,RXN_15352_c
0,0,0,RXN_15353_c
0,0,0,RXN_15354_c
0,0,0,RXN_15372_c
0,0,0,RXN_15373_c
0,0,0,RXN_15374_c
0,0,0,RXN_15402_c
0,0,0,RXN_1541_c
0,0,0,RXN_15433_c
0,0,0,RXN_15442_c
0,0,0,RXN_15443_c
0,0,0,RXN_15444_c
0,0,0,RXN_15455_c
0,0,0,RXN_15458_c
0,0,0,RXN_15459_c
0,0,0,RXN_15460_c
0,0,0,RXN_15462_c
0,0,0,RXN_15522_c
0,0,0,RXN_15526_c
0,0,0,RXN_15528_c
0,0,0,RXN_15529_c
0,0,0,RXN_15530_c
0,0,0,RXN_15531_c
0,0,0,RXN_15532_c
0,0,0,RXN_15533_c
0,0,0,RXN_15534_c
0,0,0,RXN_15536_c
0,0,0,RXN_15537_c
0,850.320840492833,850.320840492833,RXN_15581_c
0,1000,1000,RXN_15598_c
-1000,0,1000,RXN_15650_c
0,0,0,RXN_15651_c
0,1000,1000,RXN_1685_c
0,0,0,RXN_171_c
0,0,0,RXN_172_c
0,0,0,RXN_1827_p
-1000,0,1000,RXN_1882_c
0,0,0,RXN_1884_c
0,0,0,RXN_2001_c
0,0,0,RXN_2054_c
0,0,0,RXN_2121_c
0,0,0,RXN_2122_c
0,0,0,RXN_2208_c
0,0,0,RXN_2222_c
0,0,0,RXN_2541_c
0,0,0,RXN_2542_c
0,0,0,RXN_2543_c
0,0,0,RXN_2561_c
0,0,0,RXN_2562_c
0,0,0,RXN_2581_c
0,0,0,RXN_2601_c
0,0,0,RXN_2621_c
0,0,0,RXN_2622_c
0,0,0,RXN_2761_c
0,0,0,RXN_2762_c
0,0,0,RXN_292_c
0,987.756869306805,987.756869306805,RXN_2944_c
0,987.756869306805,987.756869306805,RXN_2945_c
0,0,0,RXN_2946_c
0,0,0,RXN_2947_c
0,0,0,RXN_2948_c
0,0,0,RXN_2961_c
0,0,0,RXN_2962_NADP_c
0,0,0,RXN_2962_NAD_c
0,987.756869306805,987.756869306805,RXN_2981_c
0,987.756869306805,987.756869306805,RXN_2982_c
0,0,0,RXN_3121_c
0,0,0,RXN_3122_c
0,0,0,RXN_3142_c
0,0,0,RXN_3221_c
0,0,0,RXN_3283_c
0,0,0,RXN_3284_c
0,0,0,RXN_3303_c
0,0,0,RXN_3422_c
0,0,0,RXN_3481_c
0,0,0,RXN_3501_c
0,968.124569089015,968.124569089015,RXN_3521_c
0,0,0,RXN_3521_m
0,0,0,RXN_3521_p
0,889.056717302191,889.056717302191,RXN_3521_x
0,1000,1000,RXN_3522_c
0,0,0,RXN_3522_m
0,0,0,RXN_3522_p
0,819.265827426177,819.265827426177,RXN_3522_x
0,1000,1000,RXN_3523_c
0,0,0,RXN_3523_m
0,0,0,RXN_3523_p
0,819.265827426178,819.265827426178,RXN_3523_x
0,952.468966234141,952.468966234141,RXN_3541_c
0,0,0,RXN_3542_c
0,0,0,RXN_3562_c
0,974.60260764701,974.60260764701,RXN_3581_c
0,987.756869306806,987.756869306806,RXN_3583_c
0,974.602607647011,974.602607647011,RXN_3584_c
0,987.756869306806,987.756869306806,RXN_3585_c
0,987.756869306806,987.756869306806,RXN_3588_c
0,974.60260764701,974.60260764701,RXN_3590_c
0,974.602607647011,974.602607647011,RXN_3591_c
0,987.756869306806,987.756869306806,RXN_3592_c
0,0,0,RXN_3601_c
0,0,0,RXN_3602_c
0,0,0,RXN_3624_c
0,0,0,RXN_3625_c
0,0,0,RXN_3641_c
0,0,0,RXN_3642_c
0,0,0,RXN_3645_c
0,0,0,RXN_3761_c
0,0,0,RXN_3762_c
0,0,0,RXN_3763_c
0,0,0,RXN_3765_c
0,0,0,RXN_3766_c
0,0,0,RXN_3768_c
0,0,0,RXN_3_c
0,0,0,RXN_4002_c
0,0,0,RXN_4021_c
0,0,0,RXN_4144_c
0,0,0,RXN_4161_c
0,974.60260764701,974.60260764701,RXN_4201_c
0,987.756869306806,987.756869306806,RXN_4204_c
0,987.756869306806,987.756869306806,RXN_4206_c
0,974.60260764701,974.60260764701,RXN_4207_c
0,0,0,RXN_4209_c
0,0,0,RXN_4210_c
0,0,0,RXN_4221_c
0,0,0,RXN_4222_c
0,0,0,RXN_4224_c
0,0,0,RXN_4225_c
0,0,0,RXN_4229_c
0,0,0,RXN_4230_c
0,0,0,RXN_4231_c
0,0,0,RXN_4241_c
0,0,0,RXN_4242_c
0,0,0,RXN_4243_c
0,0,0,RXN_4303_c
0,0,0,RXN_4305_c
0,0,0,RXN_4307_c
0,0,0,RXN_4310_c
0,0,0,RXN_4312_c
0,0,0,RXN_4313_c
0,0,0,RXN_4314_c
0,974.60260764701,974.60260764701,RXN_4319_c
0,987.756869306806,987.756869306806,RXN_4320_c
0,987.756869306806,987.756869306806,RXN_4321_c
0,974.60260764701,974.60260764701,RXN_4322_c
0,0,0,RXN_4501_c
0,0,0,RXN_4502_c
0,0,0,RXN_4504_c
0,0,0,RXN_4505_c
0,0,0,RXN_4509_c
0,0,0,RXN_4510_c
0,0,0,RXN_4511_c
0,0,0,RXN_4512_c
0,0,0,RXN_4513_c
0,0,0,RXN_4541_c
0,0,0,RXN_4542_c
0,0,0,RXN_4561_c
0,0,0,RXN_4605_c
0,0,0,RXN_4621_c
0,0,0,RXN_4641_c
0,0,0,RXN_4661_c
0,0,0,RXN_4662_c
0,0,0,RXN_4681_c
0,974.602607647011,974.602607647011,RXN_4702_c
0,987.756869306806,987.756869306806,RXN_4703_c
0,987.756869306806,987.756869306806,RXN_4704_c
0,974.602607647011,974.602607647011,RXN_4705_c
0,0,0,RXN_4721_c
0,0,0,RXN_4722_c
0,0,0,RXN_4723_c
0,0,0,RXN_4724_c
0,0,0,RXN_4725_c
0,0,0,RXN_4726_c
0,0,0,RXN_4727_c
0,0,0,RXN_4728_c
0,0,0,RXN_4729_c
0,0,0,RXN_4730_c
0,0,0,RXN_4731_c
0,0,0,RXN_4732_c
0,0,0,RXN_4733_c
0,0,0,RXN_4734_c
0,0,0,RXN_4735_c
0,0,0,RXN_4736_c
0,0,0,RXN_4737_c
0,974.60260764701,974.60260764701,RXN_4761_c
0,987.756869306806,987.756869306806,RXN_4762_c
0,987.756869306806,987.756869306806,RXN_4763_c
0,974.60260764701,974.60260764701,RXN_4764_c
0,0,0,RXN_4801_c
0,0,0,RXN_4802_c
0,0,0,RXN_4803_c
0,0,0,RXN_4804_c
0,0,0,RXN_4821_c
0,0,0,RXN_4842_c
0,0,0,RXN_5063_c
0,0,0,RXN_5064_c
0,0,0,RXN_5065_c
0,0,0,RXN_5066_c
0,0,0,RXN_5081_c
0,0,0,RXN_5082_c
0,0,0,RXN_5109_c
0,0,0,RXN_5121_c
0,0,0,RXN_5163_c
0,0,0,RXN_5164_c
0,0,0,RXN_5242_c
0,0,0,RXN_525_c
0,0,0,RXN_527_c
0,0,0,RXN_5282_p
0,0,0,RXN_5283_p
0,0,0,RXN_5284_p
0,0,0,RXN_5286_c
-1000,0,1000,RXN_5461_c
-0.000205701980007689,-0.000205701980007689,0,RXN_5481_c
0,0,0,RXN_5501_c
0,0,0,RXN_5502_c
0,0,0,RXN_5641_c
0,0,0,RXN_5642_c
0,0,0,RXN_5643_c
0,1000,1000,RXN_5647_c
0.000105422000046929,207.337377150018,207.337271728018,RXN_5682_p
0,0,0,RXN_5741_c
0,0,0,RXN_5761_c
0,0,0,RXN_5762_c
0,0,0,RXN_5763_c
0,0,0,RXN_5821_c
0,1000,1000,RXN_5822_c
0,0,0,RXN_5841_c
0,0,0,RXN_5861_c
0,0,0,RXN_5961_c
0,0,0,RXN_5962_c
0,0,0,RXN_600_c
0,0,0,RXN_602_c
0,722.092774125545,722.092774125545,RXN_6161_c
0,1000,1000,RXN_6182_c
0,90.7870591530949,90.7870591530949,RXN_6201_x
0,0,0,RXN_6268_c
0,0,0,RXN_6269_NADP_c
0,0,0,RXN_6269_NAD_c
0,0,0,RXN_6271_NADP_c
0,0,0,RXN_6271_NAD_c
0,0,0,RXN_6381_c
0,0,0,RXN_6382_NADP_c
-324.067232303787,0,324.067232303787,RXN_6383_m
0,324.067232303787,324.067232303787,RXN_6384_m
0,0,0,RXN_6421_c
0,0,0,RXN_6423_c
0,0,0,RXN_6424_c
0,0,0,RXN_6425_c
0,0,0,RXN_6461_c
0,0,0,RXN_6462_c
0,0,0,RXN_6464_c
0,0,0,RXN_6522_c
0,0,0,RXN_6523_c
0,0,0,RXN_6524_c
0,0,0,RXN_6541_c
0,0,0,RXN_6542_c
0,0,0,RXN_6543_c
0,0,0,RXN_6544_c
0,0,0,RXN_6545_c
0,0,0,RXN_6546_c
0,0,0,RXN_6547_c
0,0,0,RXN_6550_c
0,0,0,RXN_6562_c
0,0,0,RXN_661_c
0,974.60260764701,974.60260764701,RXN_6622_c
0,0,0,RXN_6685_c
0,0,0,RXN_6687_c
0,0,0,RXN_6721_c
0,0,0,RXN_6722_c
0,0,0,RXN_6723_c
0,0,0,RXN_6724_c
0,0,0,RXN_6741_c
0,0,0,RXN_6742_c
0,0,0,RXN_6762_c
0,0,0,RXN_6841_c
0,535.70397180012,535.70397180012,RXN_6902_m
0,1000,1000,RXN_6903_c
0,0,0,RXN_6903_p
0,0,0,RXN_698_c
0,0,0,RXN_7002_c
0,0,0,RXN_7062_c
0,0,0,RXN_7063_c
0,0,0,RXN_7064_c
0,0,0,RXN_7065_c
0,0,0,RXN_7066_c
0,0,0,RXN_7067_c
0,0,0,RXN_707_c
0,0,0,RXN_708_c
0,0,0,RXN_709_c
0,0,0,RXN_710_c
0,0,0,RXN_711_c
0,0,0,RXN_715_c
0,0,0,RXN_7162_c
0,324.867535882337,324.867535882337,RXN_7163_c
0,0,0,RXN_7182_c
0,1000,1000,RXN_7183_NADP_m
0,1000,1000,RXN_7183_NAD_m
0,0,0,RXN_7184_c
0,0,0,RXN_7185_c
0,324.867535882337,324.867535882337,RXN_7202_c
0,324.867535882337,324.867535882337,RXN_7203_c
0,324.867535882337,324.867535882337,RXN_7204_c
0,0,0,RXN_720_c
0,0,0,RXN_721_c
0,0,0,RXN_7224_c
0,0,0,RXN_7225_c
0,0,0,RXN_7226_c
0,0,0,RXN_7227_c
0,324.867535882337,324.867535882337,RXN_7241_c
0,324.867535882337,324.867535882337,RXN_7242_c
0,324.867535882337,324.867535882337,RXN_7243_c
0,324.867535882337,324.867535882337,RXN_7244_c
0,324.867535882337,324.867535882337,RXN_7245_c
0,324.867535882336,324.867535882336,RXN_7246_c
0,324.867535882337,324.867535882337,RXN_7247_c
0,324.867535882337,324.867535882337,RXN_7248_c
0,324.867535882337,324.867535882337,RXN_7249_c
0,324.867535882337,324.867535882337,RXN_7250_c
0,324.867535882336,324.867535882336,RXN_7251_c
0,324.867535882336,324.867535882336,RXN_7253_c
0,0,0,RXN_7282_c
0,324.867535882337,324.867535882337,RXN_7301_c
0,324.867535882337,324.867535882337,RXN_7302_c
0,324.867535882337,324.867535882337,RXN_7303_c
0,324.867535882337,324.867535882337,RXN_7304_c
0,324.867535882337,324.867535882337,RXN_7305_c
0,974.60260764701,974.60260764701,RXN_7401_c
0,974.60260764701,974.60260764701,RXN_743_c
0,0,0,RXN_745_c
0,0,0,RXN_7481_c
0,0,0,RXN_7482_c
0,0,0,RXN_7483_c
0,0,0,RXN_7484_c
0,0,0,RXN_7485_c
0,0,0,RXN_7486_c
0,0,0,RXN_7487_c
0,0,0,RXN_7488_c
0,0,0,RXN_7569_c
0,0,0,RXN_7570_c
0,0,0,RXN_7573_c
0,0,0,RXN_7575_c
0,0,0,RXN_7577_c
0,0,0,RXN_7578_c
0,0,0,RXN_7580_c
0,0,0,RXN_7589_c
0,0,0,RXN_7590_c
0,0,0,RXN_7596_c
0,0,0,RXN_7598_c
0,0,0,RXN_7607_c
0,1000,1000,RXN_7609_c
0,0,0,RXN_7614_c
0,0,0,RXN_7626_c
0,0,0,RXN_7628_c
0,0,0,RXN_7629_c
0,0,0,RXN_7630_c
0,0,0,RXN_7631_c
0,0,0,RXN_7632_c
0,0,0,RXN_7633_c
0,0,0,RXN_7648_c
0,0,0,RXN_7650_c
0,0,0,RXN_7651_c
0,0,0,RXN_7652_c
0,0,0,RXN_7653_c
0,0,0,RXN_7654_c
0,0,0,RXN_7655_c
0,0,0,RXN_7656_c
0,0,0,RXN_7658_p
0,0,0,RXN_7659_p
0,0,0,RXN_7660_p
0,484.062284544509,484.062284544509,RXN_7674_p
0,484.062284544509,484.062284544509,RXN_7676_p
0,484.062284544509,484.062284544509,RXN_7677_p
-475.738259482085,0,475.738259482085,RXN_7678_NADP_p
-484.062284544508,0,484.062284544508,RXN_7678_NAD_p
0,484.062284544509,484.062284544509,RXN_7679_p
0,90.787059153095,90.787059153095,RXN_7682_c
0,0,0,RXN_7683_c
0,0,0,RXN_7686_c
0,0,0,RXN_7687_c
0,0,0,RXN_7700_c
0,1000,1000,RXN_7703_c
0,0,0,RXN_7716_m
0,0,0,RXN_7733_c
-291.659829751046,-0.000259755999991285,291.659569995046,RXN_7737_p
0,0,0,RXN_7738_c
0,0,0,RXN_7739_c
0,0,0,RXN_773_c
0,0,0,RXN_7748_c
0,0,0,RXN_7749_c
0,0,0,RXN_7750_c
0,0,0,RXN_7753_c
0,0,0,RXN_7754_c
0,0,0,RXN_7770_c
0,1000,1000,RXN_7771_c
0,1000,1000,RXN_7772_c
0,0,0,RXN_7775_c
0,0,0,RXN_7777_c
0,0,0,RXN_7782_c
0.000362869,324.067595172787,324.067232303787,RXN_7800_p
0,0,0,RXN_7815_c
0,0,0,RXN_7828_c
0,0,0,RXN_7830_c
0,0,0,RXN_7832_c
0,0,0,RXN_7834_c
0,0,0,RXN_7842_c
0,0,0,RXN_7843_c
0,0,0,RXN_7876_c
0,0,0,RXN_7877_c
0,0,0,RXN_7878_c
0,0,0,RXN_7883_c
0,0,0,RXN_7884_c
0,0,0,RXN_7885_c
0,0,0,RXN_7886_c
0,0,0,RXN_7891_c
0,0,0,RXN_7892_c
0,0,0,RXN_7893_c
0,0,0,RXN_7894_c
0,0,0,RXN_7895_c
0,0,0,RXN_7897_c
0.000668409,76.1410466632134,76.1403782542134,RXN_7903_p
0,1000,1000,RXN_7913_c
0,0,0,RXN_7921_c
0,0,0,RXN_7922_c
0,0,0,RXN_7931_c
0,1000,1000,RXN_7948_c
0,0,0,RXN_7968_NADP_c
0,0,0,RXN_7968_NAD_c
0,0,0,RXN_7974_c
0,484.062284544508,484.062284544508,RXN_7978_NADP_c
0,484.062284544508,484.062284544508,RXN_7978_NAD_c
0,951.476518964172,951.476518964172,RXN_7978_p
0,484.062284544508,484.062284544508,RXN_7979_NADP_c
0,484.062284544508,484.062284544508,RXN_7979_NAD_c
0,951.476518964172,951.476518964172,RXN_7979_p
0,951.476518964172,951.476518964172,RXN_7984_p
0,951.476518964172,951.476518964172,RXN_7985_p
0,0,0,RXN_7997_c
0,0,0,RXN_7998_c
0,7.68782e-05,7.68782e-05,RXN_8001_p
0,0,0,RXN_8025_c
0,0,0,RXN_8026_c
0,0,0,RXN_8028_c
0,0,0,RXN_8035_c
0,0,0,RXN_8036_c
0,0,0,RXN_8037_c
0,0,0,RXN_8038_c
0,0,0,RXN_8040_c
0,0,0,RXN_8042_c
0,0,0,RXN_8074_c
0,0,0,RXN_8083_c
0,0,0,RXN_8085_c
0,0,0,RXN_8086_c
0,0,0,RXN_8088_c
0,0,0,RXN_8089_c
0,0,0,RXN_8090_c
0,0,0,RXN_8091_c
0,549.747876477671,549.747876477671,RXN_8092_c
0,0,0,RXN_8094_c
0,0,0,RXN_8138_c
0,0,0,RXN_8139_c
0,0,0,RXN_8140_c
0,0,0,RXN_8144_c
0,0,0,RXN_8147_c
0,0,0,RXN_8149_c
0,0,0,RXN_8150_c
0,0,0,RXN_8151_c
0,0,0,RXN_8152_c
0,0,0,RXN_8153_c
0,0,0,RXN_8155_c
0,0,0,RXN_8169_c
0,0,0,RXN_8170_c
0,0,0,RXN_8171_c
0,0,0,RXN_8173_c
0,0,0,RXN_8176_c
0,0,0,RXN_8177_c
0,0,0,RXN_8178_c
0,0,0,RXN_8197_c
0,0,0,RXN_8204_c
0,0,0,RXN_8205_c
0,0,0,RXN_8220_c
0,0,0,RXN_8222_c
0,0,0,RXN_8225_c
0,0,0,RXN_8228_c
0,0,0,RXN_8231_c
0,0,0,RXN_8232_c
0,0,0,RXN_8233_c
0,0,0,RXN_8234_c
0,0,0,RXN_8235_c
0,0,0,RXN_8236_c
0,0,0,RXN_8238_c
0,0,0,RXN_8239_c
0,0,0,RXN_8262_c
0,0,0,RXN_8264_c
0,0,0,RXN_8266_c
0,0,0,RXN_8268_c
0,0,0,RXN_8277_c
0,0,0,RXN_8278_c
0,0,0,RXN_8279_c
0,974.60260764701,974.60260764701,RXN_8281_c
0,974.60260764701,974.60260764701,RXN_8282_c
0,0,0,RXN_8285_c
0,974.60260764701,974.60260764701,RXN_8286_c
0,974.60260764701,974.60260764701,RXN_8287_c
0,0,0,RXN_8289_c
0,0,0,RXN_8315_c
0,0,0,RXN_8336_c
0,0,0,RXN_8340_c
0,0,0,RXN_8344_c
0,0,0,RXN_8348_c
0,0,0,RXN_8352_c
0,0,0,RXN_8354_c
0,0,0,RXN_8355_c
0,0,0,RXN_8357_c
0,0,0,RXN_8378_c
0,0,0,RXN_8382_c
0,0,0,RXN_8383_c
0,0,0,RXN_8386_c
0,0,0,RXN_8387_c
0,0,0,RXN_8416_c
0,0,0,RXN_8422_c
0,0,0,RXN_8435_c
0,0,0,RXN_8441_c
0,0,0,RXN_8442_c
0,0,0,RXN_8443_c
0,0,0,RXN_8444_c
0,0,0,RXN_8450_c
0,0,0,RXN_8451_c
0,0,0,RXN_8452_c
0,0,0,RXN_8460_c
0,0,0,RXN_8461_c
0,0,0,RXN_8469_c
0,0,0,RXN_8471_c
0,0,0,RXN_8473_c
0,0,0,RXN_8475_c
0,0,0,RXN_8478_c
0,0,0,RXN_8481_c
0,0,0,RXN_8482_c
0,0,0,RXN_8483_c
0,0,0,RXN_8486_c
0,0,0,RXN_8487_c
0,0,0,RXN_8491_c
0,0,0,RXN_8495_c
0,0,0,RXN_8496_c
0,0,0,RXN_8497_c
0,0,0,RXN_8498_c
0,0,0,RXN_8499_c
0,0,0,RXN_8500_c
0,0,0,RXN_8501_c
0,0,0,RXN_8508_c
0,0,0,RXN_8509_c
0,0,0,RXN_8510_c
0,0,0,RXN_8516_c
0,0,0,RXN_8517_c
0,0,0,RXN_8532_c
0,0,0,RXN_8533_c
0,0,0,RXN_8534_c
0,0,0,RXN_8536_c
0,0,0,RXN_8537_c
0,0,0,RXN_8538_c
0,0,0,RXN_8553_c
0,0,0,RXN_8561_c
0,0,0,RXN_8562_c
0,324.067232303787,324.067232303787,RXN_8568_c
0,0,0,RXN_8574_c
0,0,0,RXN_8616_c
0,0,0,RXN_8618_c
0,0,0,RXN_8619_c
0,0,0,RXN_8632_c
0,1000,1000,RXN_8642_c
0,0,0,RXN_8648_c
0,0,0,RXN_8654_c
0,0,0,RXN_8675_c
0,0,0,RXN_8678_c
0,0,0,RXN_8679_c
0,0,0,RXN_8680_c
0,0,0,RXN_8681_c
0,0,0,RXN_8682_c
0,0,0,RXN_8683_c
0,0,0,RXN_8684_c
0,0,0,RXN_8688_c
0,0,0,RXN_8692_c
0,0,0,RXN_8694_c
0,0,0,RXN_8700_c
0,1000,1000,RXN_8730_c
-974.60260764701,0,974.60260764701,RXN_8772_c
-974.602607647009,0,974.602607647009,RXN_8773_c
0,0,0,RXN_8783_c
0,0,0,RXN_8784_c
0,0,0,RXN_87_c
0,0,0,RXN_8813_c
0,0,0,RXN_8814_c
0,0,0,RXN_8855_c
0,0,0,RXN_8857_c
0,0,0,RXN_8891_c
0,0,0,RXN_8898_c
0,850.320840492831,850.320840492831,RXN_8899_c
0,0,0,RXN_8900_c
0,0,0,RXN_8901_c
0,0,0,RXN_8902_c
0,0,0,RXN_8909_c
0,0,0,RXN_8911_c
0,0,0,RXN_8912_c
0,0,0,RXN_8916_c
0,0,0,RXN_8931_c
0,0,0,RXN_8939_c
0,0,0,RXN_8962_c
0,0,0,RXN_8969_c
0,0,0,RXN_8970_c
0,0,0,RXN_8971_c
0,0,0,RXN_8975_c
0,0,0,RXN_8976_c
-324.067595172787,-0.000362869000014143,324.067232303787,RXN_8991_p
0,0,0,RXN_8992_c
0,0,0,RXN_9003_c
0,0,0,RXN_9017_c
0,0,0,RXN_9018_c
0,0,0,RXN_9021_c
0,0,0,RXN_9022_c
0,0,0,RXN_9031_c
0,0,0,RXN_9045_c
0,0,0,RXN_9083_c
0,0,0,RXN_9084_c
0,0,0,RXN_90_c
0,974.60260764701,974.60260764701,RXN_9104_c
0,0,0,RXN_9190_c
0,0,0,RXN_9191_c
0,0,0,RXN_9192_c
0,0,0,RXN_9193_c
0,0,0,RXN_91_c
0,0,0,RXN_9204_c
0,0,0,RXN_9205_c
0,0,0,RXN_9217_c
0,0,0,RXN_9220_c
0,0,0,RXN_9222_c
0,0,0,RXN_9225_c
0,0,0,RXN_9229_c
0,0,0,RXN_9230_c
0,0,0,RXN_9233_c
0,0,0,RXN_9237_c
0,0,0,RXN_9240_c
0,0,0,RXN_9244_c
0,0,0,RXN_9245_c
0,0,0,RXN_9246_c
0,0,0,RXN_9261_c
0,0,0,RXN_9270_c
0,0,0,RXN_9280_c
0,0,0,RXN_9281_c
0,0,0,RXN_9282_c
0,0,0,RXN_9287_c
0,0,0,RXN_92_c
0,0,0,RXN_9310_c
0,0,0,RXN_9311_c
0,0,0,RXN_9312_c
0,0,0,RXN_9314_c
0,0,0,RXN_9315_c
0,0,0,RXN_9356_c
0,0,0,RXN_9372_c
0,0,0,RXN_9472_c
0,0,0,RXN_9479_c
0,0,0,RXN_947_c
0.000863960395,116.664691958413,116.663827998018,RXN_9514_p
0,0,0,RXN_9515_c
0.000863960395,116.664691958413,116.663827998018,RXN_9516_p
-116.664691958414,-0.000863960395008689,116.663827998019,RXN_9518_p
0.000863960395,116.664691958413,116.663827998018,RXN_9520_p
0.000863960395,116.664691958413,116.663827998018,RXN_9523_p
-116.664691958414,-0.000863960395008689,116.663827998019,RXN_9524_p
0.000863960395,116.664691958413,116.663827998018,RXN_9527_p
0.000863960395,116.664691958413,116.663827998018,RXN_9528_p
0.000863960395,116.664691958413,116.663827998018,RXN_9531_p
-116.664691958414,-0.000863960395008689,116.663827998019,RXN_9532_p
0.000863960395,116.664691958413,116.663827998018,RXN_9533_p
0.000863960395,100.573129475928,100.572265515533,RXN_9535_p
-100.573129475928,-0.000863960395008689,100.572265515533,RXN_9536_p
0.000863960395,100.573129475928,100.572265515533,RXN_9537_p
0.00086378929,85.7830902584211,85.7822264691311,RXN_9539_p
-85.7830902584212,-0.000863789289951455,85.7822264691313,RXN_9540_p
0,0,0,RXN_9545_c
0,0,0,RXN_9546_c
4.591129e-05,78.5322685085677,78.5322225972777,RXN_9548_p
0.000149469,85.7823759381312,85.7822264691312,RXN_9549_p
0,0,0,RXN_9550_c
0,0,0,RXN_9552_c
0,0,0,RXN_9553_c
0,0,0,RXN_9555_c
0,0,0,RXN_9556_c
0,0,0,RXN_9557_c
0,0,0,RXN_9558_c
0,0,0,RXN_9559_c
0,0,0,RXN_9560_c
0,0,0,RXN_9561_c
0,0,0,RXN_9562_c
0,0,0,RXN_9563_c
0,0,0,RXN_9564_c
0,0,0,RXN_9565_c
0,0,0,RXN_9567_c
0,0,0,RXN_9571_c
0,0,0,RXN_9574_c
0,0,0,RXN_9575_c
0,974.60260764701,974.60260764701,RXN_9588_c
0,0,0,RXN_95_c
0,974.60260764701,974.60260764701,RXN_9614_c
-405.125063994493,0,405.125063994493,RXN_961_p
0,987.756869306806,987.756869306806,RXN_9623_c
0,987.756869306806,987.756869306806,RXN_9624_c
0,0,0,RXN_9626_c
0,0,0,RXN_9627_c
0,987.756869306805,987.756869306805,RXN_9628_c
0,0,0,RXN_9632_c
0.00071432029,78.5329369175677,78.5322225972777,RXN_9632_p
0,0,0,RXN_9633_c
0.00071432029,78.5329369175677,78.5322225972777,RXN_9633_p
0,0,0,RXN_9634_c
0.00071432029,78.5329369175677,78.5322225972777,RXN_9634_p
0.00071432029,78.5329369175677,78.5322225972777,RXN_9635_p
0,0,0,RXN_9636_c
0,0,0,RXN_9638_c
0,0,0,RXN_9639_c
0,0,0,RXN_9644_c
0.000863960395,116.664691958413,116.663827998018,RXN_9655_p
-116.664691958414,-0.000863960395008689,116.663827998019,RXN_9657_p
-116.664691958414,-0.000863960395008689,116.663827998019,RXN_9658_p
-116.664691958414,-0.000863960395008689,116.663827998019,RXN_9659_p
-116.664691958414,-0.000863960395008689,116.663827998019,RXN_9660_p
-116.664691958414,-0.000863960395008689,116.663827998019,RXN_9661_p
-100.573129475928,-0.000863960395008689,100.572265515533,RXN_9662_p
-85.7830902584212,-0.000863789289951455,85.7822264691313,RXN_9663_p
0,987.756869306806,987.756869306806,RXN_9673_c
0,0,0,RXN_9674_c
0,0,0,RXN_9679_c
0,0,0,RXN_9680_c
0,1000,1000,RXN_969_x
0,0,0,RXN_9703_NADP_c
0,0,0,RXN_9703_NAD_c
0,0,0,RXN_9720_c
0,0,0,RXN_9726_c
0,0,0,RXN_9733_c
0,0,0,RXN_9743_c
0,0,0,RXN_9745_c
0,0,0,RXN_9748_c
0,0,0,RXN_9749_c
0,0,0,RXN_9751_c
0,0,0,RXN_9752_c
0,0,0,RXN_9799_c
0,0,0,RXN_9802_c
0,0,0,RXN_9803_c
0,0,0,RXN_9805_c
0,0,0,RXN_9806_c
0,0,0,RXN_9807_c
0,0,0,RXN_9825_c
0,0,0,RXN_9847_c
0,0,0,RXN_9848_c
0,0,0,RXN_9863_c
0,0,0,RXN_9864_c
0,0,0,RXN_9868_c
0,0,0,RXN_991_c
0,0,0,RXN_9939_c
0,968.124569089015,968.124569089015,RXN_9944_c
0,1000,1000,RXN_9951_c
0,0,0,RXN_9989_c
0,0,0,RXN_Mg_PROTOPORPHYRIN_METHYLESTER_SYN_p
0,324.867535882337,324.867535882337,RXN0_1001_c
0,729.151272683521,729.151272683521,RXN0_1132_m
-729.15127268352,0,729.15127268352,RXN0_1133_m
0,729.151272683521,729.151272683521,RXN0_1134_m
0,0,0,RXN0_1147_m
0,0,0,RXN0_1441_c
0,0,0,RXN0_1461_p
0,250,250,RXN0_1483_c
0,0,0,RXN0_1602_c
0,0,0,RXN0_1603_c
0,324.067232303787,324.067232303787,RXN0_2301_m
4.86739e-05,4.86739e-05,0,RXN0_2381_p
4.86739e-05,4.86739e-05,0,RXN0_2382_p
0,968.124569089016,968.124569089016,RXN0_267_c
0,0,0,RXN0_302_p
0,0,0,RXN0_363_c
0,0,0,RXN0_366_c
0,974.60260764701,974.60260764701,RXN0_383_c
0,974.60260764701,974.60260764701,RXN0_384_c
0,974.60260764701,974.60260764701,RXN0_385_c
0,0,0,RXN0_3942_c
0,637.786075046483,637.786075046483,RXN0_3962_c
0,0,0,RXN0_4281_c
0,974.60260764701,974.60260764701,RXN0_5001_c
0,0,0,RXN0_5038_c
0,974.60260764701,974.60260764701,RXN0_5107_c
0,1000,1000,RXN0_5114_p
0,0,0,RXN0_5116_c
0,0,0,RXN0_5181_p
0,999.998470777,999.998470777,RXN0_5184_p
0,1000,1000,RXN0_5185_c
0,1000,1000,RXN0_5186_c
0,0,0,RXN0_5199_c
0,0,0,RXN0_5222_c
-1000,-3.28809005623043e-06,999.99999671191,RXN0_5224_c
-324.067232303787,542.161960896123,866.22919319991,RXN0_5224_m
-1000,-0.00701767694999944,999.99298232305,RXN0_5224_p
0,0,0,RXN0_5228_c
0,0,0,RXN0_5305_c
0,1000,1000,RXN0_5330_(NAD)_c
0,1000,1000,RXN0_5330_(NAD)_m
0,1000,1000,RXN0_5330_(NADP)_c
0,1000,1000,RXN0_5330_(NADP)_m
0,0,0,RXN0_5363_c
0,0,0,RXN0_5398_c
0,324.867535882336,324.867535882336,RXN0_5408_c
0,0,0,RXN0_5433_c
0,999.989827656852,999.989827656852,RXN0_5462_c
0,84.556574701412,84.556574701412,RXN0_6382_c
0,0,0,RXN0_6451_c
0,0,0,RXN0_6452_c
0,0,0,RXN0_6460_c
0,0,0,RXN0_6491_c
0,0,0,RXN0_6710_c
0,0,0,RXN0_7041_c
0,0,0,RXN0_7079_c
0,0,0,RXN0_882_p
0,0,0,RXN0_884_NADP_p
0,0,0,RXN0_884_NAD_p
0,90.7870591530949,90.7870591530949,RXN0_901_c
0,0,0,RXN0_962_c
0,0,0,RXN0_984_c
0,0,0,RXN0_985_c
0,0,0,RXN0_986_c
0,0,0,RXN1F_101_c
0,0,0,RXN1F_10_p
0,0,0,RXN1F_147_c
0,0,0,RXN1F_148_c
0,0,0,RXN1F_150_c
0,0,0,RXN1F_151_c
0,0,0,RXN1F_152_c
0,0,0,RXN1F_155_c
0,0,0,RXN1F_160_c
0,0,0,RXN1F_161_c
0,0,0,RXN1F_162_c
0,0,0,RXN1F_163_c
0,0,0,RXN1F_165_c
0,0,0,RXN1F_167_c
0,0,0,RXN1F_168_c
0,0,0,RXN1F_170_c
0,0,0,RXN1F_19_c
0,0,0,RXN1F_20_p
0,0,0,RXN1F_28_c
0,0,0,RXN1F_357_c
0,0,0,RXN1F_461_c
0,0,0,RXN1F_462_c
-484.062284544508,0,484.062284544508,RXN1F_66_p
0,0,0,RXN1F_72_p
0,0,0,RXN1F_775_c
0,0,0,RXN1F_93_c
0,0,0,RXN1F_99_c
0,0,0,RXN1G_1053_c
0,0,0,RXN1G_163_c
0,0,0,RXN1G_260_c
0,0,0,RXN1G_320_c
0,0,0,RXN1G_349_c
0,0,0,RXN1G_358_c
0,0,0,RXN1G_364_c
0,0,0,RXN1G_395_c
0,0,0,RXN1G_469_c
0,0,0,RXN1G_488_c
0,0,0,RXN1G_508_c
0,0,0,RXN1G_517_c
0,0,0,RXN1G_526_c
0,0,0,RXN1G_881_c
0,0,0,RXN3DJ_11417_c
0,0,0,RXN3DJ_170_c
0,0,0,RXN3O_1120_c
0,0,0,RXN3O_130_c
0,0,0,RXN3O_1380_c
0,0,0,RXN3O_178_c
0,0,0,RXN3O_1803_c
0,0,0,RXN3O_1983_c
0,0,0,RXN3O_218_c
0,0,0,RXN3O_4113_c
-1000,1000,2000,RXN3O_4157_c
0,0,0,RXN3O_458_c
0,0,0,RXN490_3650_p
0,0,0,RXN4FS_10_c
0,0,0,RXN4FS_11_c
0,0,0,RXN4FS_12_c
0,0,0,RXN4FS_13_c
0,0.00016082154797914,0.00016082154797914,RXN4FS_14_c
0,0,0,RXN4FS_3_c
0,0,0,RXN4FS_8_c
0,0,0,RXN4FS_9_c
0,0,0,RXN66_11_c
0,0,0,RXN66_12_c
0,0,0,RXN66_13_c
0,0,0,RXN66_14_c
0,0,0,RXN66_221_c
0,0,0,RXN66_281_NAD_c
0,0,0,RXN66_303_c
0,0,0,RXN66_304_c
0,0,0,RXN66_305_c
0,0,0,RXN66_313_NADP_c
0,0,0,RXN66_313_NAD_c
0,0,0,RXN66_321_c
0,0,0,RXN66_323_c
0,620.243301033718,620.243301033718,RXN66_3_c
0,710.637169059354,710.637169059354,RXN66_3_m
0,0,0,RXN66_478_c
0,0,0,RXN66_479_c
0,0,0,RXN66_484_c
0,999.996433203382,999.996433203382,RXN66_532_c
0,0,0,RXN6666_2_c
0,0,0,RXN8J2_1_c
0,0,0,RXNARA_8002_c
0,0,0,RXNDQC_2_c
0,0,0,RXNN_404_c
0,0,0,RXNQT_1_c
0,0,0,RXNQT_3_c
0,0,0,RXNQT_4141_c
0,0,0,RXNQT_4142_c
0,0,0,RXNQT_4164_c
0,0,0,RXNQT_4167_c
0,0,0,RXNQT_4170_c
0,0,0,RXNQT_4173_c
0,0,0,RXNQT_4176_c
0,649.735071764674,649.735071764674,RXNQT_4191_c
0,0,0,RXNQT_4301_c
0,974.60260764701,974.60260764701,RXNQT_4305_c
0,1000,1000,RXNQT_4306_c
0,0,0,RXNQT_4324_c
0,0,0,RXNQT_4325_c
0,0,0,RXNQT_4326_c
0,0,0,RXNQT_4327_c
0,0,0,RXNQT_4328_c
0,0,0,RXNQT_4341_c
0,0,0,RXNQT_4366_c
0,0,0,RXNQT_4382_c
0,0,0,RXNQT_4383_c
0,0,0,RXNQT_4385_c
0,0,0,RXNQT_4386_c
0,0,0,RXNQT_4387_c
0,0,0,RXNQT_4393_c
0,0,0,RXNQT_4395_c
0,0,0,RXNQT_4397_c
0,0,0,RXNQT_4398_c
-2.54231e-06,-2.54231e-06,0,Raffinose_biomass
0,658.504579537871,658.504579537871,S_ADENMETSYN_RXN_c
0,0,0,S_ADENOSYLHOMOCYSTEINE_DEAMINASE_RXN_c
0,90.787059153095,90.787059153095,S_ALLANTOIN_xc
0,0,0,S_FORMYLGLUTATHIONE_HYDROLASE_RXN_c
0,0,0,S_NORLAUDANOSOLINE_SYNTHASE_RXN_c
0,90.7870591530952,90.7870591530952,SAICARSYN_RXN_p
0,0,0,SAMDECARB_RXN_c
0,0,0,SAM_SHAC_pc
0,0,0,SAM_biomass
0,0,0,SARCOX_RXN_c
0,0,0,SCOPOLETIN_GLUCOSYLTRANSFERASE_RXN_c
0,1000,1000,SEDOBISALDOL_RXN_p
0,1000,1000,SEDOHEPTULOSE_BISPHOSPHATASE_RXN_p
0,1000,1000,SERINE__PYRUVATE_AMINOTRANSFERASE_RXN_c
0.000320726,0.000320726,0,SERINE__TRNA_LIGASE_RXN_c
0,0,0,SERINE_C_PALMITOYLTRANSFERASE_RXN_c
0,1000,1000,SERINE_GLYOXYLATE_AMINOTRANSFERASE_RXN_x
0,396.816504182684,396.816504182684,SERINE_O_ACETTRAN_RXN_c
0,458.324932158104,458.324932158104,SERINE_O_ACETTRAN_RXN_m
0,501.476743691306,501.476743691306,SERINE_O_ACETTRAN_RXN_p
-999.999679274,999.99993477405,1999.99961404805,SER_mc
-999.99961404805,1000,1999.99961404805,SER_pc
-1000,0,1000,SER_xc
-207.337655816919,-0.000384088899977542,207.337271728019,SHIKIMATE_5_DEHYDROGENASE_RXN_p
0.00038408889999501,207.337655816918,207.337271728018,SHIKIMATE_KINASE_RXN_p
0,0,0,SINAPATE_1_GLUCOSYLTRANSFERASE_RXN_c
0,0,0,SINAPINE_ESTERASE_RXN_c
-333.332748712967,0,333.332748712967,SO3_xc
0,0,0,SO4_biomass
-333.332922432667,-0.000173719699887442,333.332748712967,SO4_pc
0.000173719700001129,0.0001737197,-1.12925077275228e-15,SO4_tx
0,333.332748712967,333.332748712967,SO4_xc
0,0,0,SORB6PDEHYDROG_RXN_c
0,0,0,SPERMACTRAN_RXN_c
0,0,0,SPERMIDINESYN_RXN_c
0,0,0,SPERMINE_SYNTHASE_RXN_c
0,0,0,SPHINGANINE_1_PHOSPHATE_ALDOLASE_RXN_c
0,0,0,SPHINGANINE_KINASE_RXN_c
-1000,0,1000,SPONTPRO_RXN_c
-999.9991490961,364.575434002092,1364.57458309819,SPONTPRO_RXN_m
-999.9994049011,0,999.9994049011,SPONTPRO_RXN_p
0,0,0,SQUALENE_MONOOXYGENASE_RXN_c
0,78.5322225972777,78.5322225972777,STEARIC_ACID_xc
0,0,0,STRICTOSIDINE_SYNTHASE_RXN_c
-468.740975325105,0,468.740975325105,SUCCCOASYN_RXN_m
0,729.15063298561,729.15063298561,SUCCINATE_DEHYDROGENASE_UBIQUINONE_RXN_m
0,535.70397180012,535.70397180012,SUCCINATE_SEMIALDEHYDE_DEHYDROGENASE_RXN_m
0,649.735071764674,649.735071764674,SUCROSE_PHOSPHATASE_RXN_c
0,649.735071764674,649.735071764674,SUCROSE_PHOSPHATE_SYNTHASE_RXN_c
0,0,0,SUCROSE_SYNTHASE_RXN_c
0,1000,1000,SUCROSE_H_vc
0,1000,1000,SUCROSE_rev_vc
-1000,1000,2000,SUC_ACONITATE_mc
-1000,1000,2000,SUC_CIT_mc
-729.15063298561,419.403140499058,1148.55377348467,SUC_FUM_mc
-1000,1000,2000,SUC_ISOCITRATE_mc
-1000,1000,2000,SUC_Pi_mc
-1000,1000,2000,SUC_SO4_mc
0,729.150632985608,729.150632985608,SUC_xc
0,987.756869306805,987.756869306805,SULFATE_ADENYLYLTRANS_RXN_c
0.0001737197,333.332922432667,333.332748712967,SULFATE_ADENYLYLTRANS_RXN_p
0,1000,1000,SULFATE_ADENYLYLTRANSFERASE_ADP_RXN_c
0,0,0,SULFATE_vc
0,333.332748712967,333.332748712967,SULFITE_OXIDASE_RXN_x
0.0001737197,333.332922432667,333.332748712967,SULFITE_REDUCTASE_FERREDOXIN_RXN_p
0,500,500,SUPEROX_DISMUT_RXN_c
0,0,0,SUPEROX_DISMUT_RXN_m
0,0,0,SUPEROX_DISMUT_RXN_p
0,0,0,SUPEROX_DISMUT_RXN_x
0,0,0,SinapOL_biomass
0,0,0,Stachyose_biomass
-0.001153073,-0.001153073,0,Starch_biomass
3.28809e-06,987.756872594896,987.756869306806,Stearate_ACT_c
0,78.5322225972777,78.5322225972777,Stearate_ACT_x
-4.26232e-05,-4.26232e-05,0,Stearate_biomass
4.5911290044387e-05,78.5322685085678,78.5322225972777,Stearate_pc
0,78.5322225972777,78.5322225972777,Stearoyl_CoA_oxi_x
0.00642996412471773,83.3396167486729,83.3331867845482,Sucrose_tx
0,0,0,TAG_biomass
0,0,0,TAG_tx
0,0,0,TETRAACYLDISACC4KIN_RXN_c
0,0,0,TETRAHYDROBERBERINE_OXIDASE_RXN_c
0,0,0,THF_biomass
-1000,999.9998695481,1999.9998695481,THF_mc
-999.9998695481,1000,1999.9998695481,THF_pc
0,0,0,THI_P_KIN_RXN_c
0,649.735071764674,649.735071764674,THI_P_SYN_RXN_c
0,0,0,THIAMIN_PYROPHOSPHOKINASE_RXN_c
0,649.735071764674,649.735071764674,THIAMINASE_RXN_c
0,649.735071764674,649.735071764674,THIAZOLSYN3_RXN_c
-968.124569089015,0,968.124569089015,THIOREDOXIN_REDUCT_NADPH_RXN_c
0,0,0,THIOREDOXIN_REDUCT_NADPH_RXN_m
0,0,0,THIOREDOXIN_REDUCT_NADPH_RXN_p
0,0,0,THIOSULFATE_SULFURTRANSFERASE_RXN_c
0,310.804588173491,310.804588173491,THREDEHYD_RXN_p
-1000,0,1000,THREO_DS_ISO_CITRATE_xc
0.000204891,0.000204891,0,THREONINE__TRNA_LIGASE_RXN_c
0,554.300012186605,554.300012186605,THREONINE_ALDOLASE_RXN_c
0.000204891,576.594274172447,576.594069281447,THRESYN_RXN_p
0,0,0,THROMBOXANE_A_SYNTHASE_RXN_c
0.000204890999953022,576.594274172447,576.594069281447,THR_pc
0,0,0,THYKI_RXN_c
0,1000,1000,THYMIDINE_TRIPHOSPHATASE_RXN_c
0,0,0,THYMIDYLATESYN_RXN_m
0,0,0,THYMINE_DIOXYGENASE_RXN_c
-224.354237748776,0,224.354237748776,TIGLYLCOA_HYDROXY_RXN_m
0,0,0,TMP_mc
0,0,0,TOCOPHEROL_O_METHYLTRANSFERASE_RXN_c
0,0,0,TRANS_CINNAMATE_2_MONOOXYGENASE_RXN_c
0,0,0,TRANS_CINNAMATE_4_MONOOXYGENASE_RXN_c
0,0,0,TRANS_HEXAPRENYLTRANSTRANSFERASE_RXN_c
0,0,0,TRANS_OCTAPRENYLTRANSTRANSFERASE_RXN_c
0,0,0,TRANS_PENTAPRENYLTRANSFERASE_RXN_c
-202.372907496014,1000,1202.37290749601,TRANSALDOL_RXN_p
0,0,0,TRANSCINNAMATE_biomass
0,649.735071764673,649.735071764673,TREHALA_RXN_c
0,649.735071764673,649.735071764673,TREHALOSE6PSYN_RXN_c
0,649.735071764673,649.735071764673,TREHALOSEPHOSPHA_RXN_c
0,999.999712013,999.999712013,TRIOKINASE_RXN_c
-1000,1000,2000,TRIOSEPISOMERIZATION_RXN_c
-1000,1000,2000,TRIOSEPISOMERIZATION_RXN_p
0,0,0,TRIPHOSPHATASE_RXN_c
0,0,0,TROPINE_DEHYDROGENASE_RXN_c
0,0,0,TROPINONE_REDUCTASE_RXN_c
4.8673899982532e-05,4.8673899982532e-05,0,TRP_pc
0,0,0,TRYPSYN_RXN_c
4.86739e-05,4.86739e-05,0,TRYPTOPHAN__TRNA_LIGASE_RXN_c
0,1000,1000,TRYPTOPHAN_AMINOTRANSFERASE_RXN_c
0,0,0,TSA_REDUCT_RXN_NADP_c
0,0,0,TYRAMINE_N_FERULOYLTRANSFERASE_RXN_c
-999.999894578,1000,1999.999894578,TYRAMINOTRANS_RXN_p
0.000105422,0.000105422,0,TYROSINE__TRNA_LIGASE_RXN_c
-1000,1000,2000,TYROSINE_AMINOTRANSFERASE_RXN_c
0,0,0,TYROSINE_DECARBOXYLASE_RXN_c
0,0,0,TYROSINE_N_MONOOXYGENASE_RXN_c
-999.999894578,1000,1999.999894578,TYR_pc
0,100.572265515533,100.572265515533,Tetradecanoyl_CoA_oxi_x
0,1000,1000,UBIQUINONE_UBIQUINOL_mc
0,1000,1000,UCP_mc
-0.000497424788022727,974.602110222222,974.60260764701,UDP_ARABINOSE_4_EPIMERASE_RXN_c
0,974.602607647009,974.602607647009,UDP_GLA_galactosyltransferase_c
0.00020570198,0.00020570198,0,UDP_GLUCOSE_46_DEHYDRATASE_RXN_c
0.000493684752,0.000493684752,0,UDP_GLUCURONATE_4_EPIMERASE_RXN_c
0.000718086912,663.443923269067,663.443205182155,UDP_GLUCURONATE_DECARBOXYLASE_RXN_c
0,0,0,UDPACYLGLCNACDEACETYL_RXN_c
0.00109463282194611,0.00109463282194611,0,UDPGLUCEPIM_RXN_c
0,0,0,UDPHYDROXYMYRGLUCOSAMNACETYLTRANS_RXN_c
0.003566796618,1000,999.996433203382,UDPKIN_RXN_c
0,0,0,UDPKIN_RXN_m
0,0,0,UDPKIN_RXN_p
0,0,0,UDPNACETYLGLUCOSAMACYLTRANS_RXN_c
0,0,0,UDPREDUCT_RXN_c
0.001211771664,663.444416953819,663.443205182155,UGD_RXN_c
0,0,0,UMPKI_RXN_p
0,0,0,UMP_biomass
0,0,0,URACIL_PRIBOSYLTRANS_RXN_c
0,90.7870591530949,90.7870591530949,URATE_OXIDASE_RXN_x
-90.787059153095,0,90.787059153095,URATE_xc
0,419.402807815858,419.402807815858,UREASE_RXN_c
0,419.402807815858,419.402807815858,UREA_mc
0,0,0,UREA_vc
0,90.7870591530949,90.7870591530949,UREIDOGLYCOLATE_HYDROLASE_RXN_c
0,0,0,URIDINE_NUCLEOSIDASE_RXN_c
0,1000,1000,URIDINEKIN_RXN_c
0,999.989827656852,999.989827656852,URKI_RXN_c
0,0,0,UROGENDECARBOX_RXN_p
0,0,0,UROGENIIISYN_RXN_p
0,0,0,UROPORIIIMETHYLTRANSA_RXN_c
0,0,0,URPHOS_RXN_c
0,90.7870591530955,90.7870591530955,URUR_RXN_c
0,974.60260764701,974.60260764701,UTPHEXPURIDYLYLTRANS_RXN_c
0,0,0,UTP_pc
0.000229492,0.000229492,0,VALINE__TRNA_LIGASE_RXN_c
-271.080980448062,0,271.080980448062,VAL_mc
0.000229492000016762,271.081209940061,271.080980448061,VAL_pc
0,0,0,VICIANIN_BETA_GLUCOSIDASE_RXN_c
0,974.60260764701,974.60260764701,Verbascose_Degradation_c
0,0,0,Verbascose_biomass
-1000,170.787532735583,1170.78753273558,X5P_Pi_pc
0,0,0,XANTHOSINEPHOSPHORY_RXN_c
0,0,0,XMPXAN_RXN_c
0,663.443205182155,663.443205182155,XYLISOM_RXN_c
0,663.443205182155,663.443205182155,XYLULOKIN_RXN_c
0,0,0,Xylan_biomass
0,0,0,dAMP_biomass
0,0,0,dCMP_biomass
0,0,0,dGMP_biomass
0,0,0,dTMP_biomass
-0.000312243,-0.000312243,0,pALA_biomass
-0.000255805,-0.000255805,0,pARG_biomass
-0.000320959,-0.000320959,0,pASN_biomass
-0.000318213,-0.000318213,0,pASP_biomass
-0.000120146,-0.000120146,0,pCYS_biomass
-0.00043235,-0.00043235,0,pGLN_biomass
-0.000376563,-0.000376563,0,pGLU_biomass
-0.000346849,-0.000346849,0,pGLY_biomass
-7.68782e-05,-7.68782e-05,0,pHIS_biomass
-0.000184703,-0.000184703,0,pILE_biomass
-0.000362869,-0.000362869,0,pLEU_biomass
-0.000259756,-0.000259756,0,pLYS_biomass
-5.35737e-05,-5.35737e-05,0,pMET_biomass
-0.000229993,-0.000229993,0,pPHE_biomass
-0.000445655,-0.000445655,0,pPRO_biomass
-0.000320726,-0.000320726,0,pSER_biomass
-0.000204891,-0.000204891,0,pTHR_biomass
-4.86739e-05,-4.86739e-05,0,pTRP_biomass
-0.000105422,-0.000105422,0,pTYR_biomass
-0.000229492,-0.000229492,0,pVAL_biomass
0,0,0,s2KG_biomass
0,0,0,sALA_biomass
0,0,0,sARG_biomass
0,0,0,sASN_biomass
0,0,0,sASP_biomass
0,0,0,sCIT_biomass
0,0,0,sCYS_biomass
0,0,0,sETOH_biomass
-9.66636e-05,-9.66636e-05,0,sFRU_biomass
0,0,0,sFUM_biomass
0,0,0,sGABA_biomass
-6.17857e-05,-6.17857e-05,0,sGLC_biomass
0,0,0,sGLN_biomass
0,0,0,sGLU_biomass
0,0,0,sGLYCOLATE_biomass
0,0,0,sGLY_biomass
0,0,0,sHIS_biomass
0,0,0,sILE_biomass
0,0,0,sISOCIT_biomass
0,0,0,sLEU_biomass
0,0,0,sLYS_biomass
0,0,0,sMAL_biomass
0,0,0,sMET_biomass
0,0,0,sORN_biomass
0,0,0,sPHE_biomass
0,0,0,sPRO_biomass
0,0,0,sPYROGLU_biomass
0,0,0,sSER_biomass
-0.00044332,-0.00044332,0,sSUCROSE_biomass
0,0,0,sSUC_biomass
0,0,0,sTHR_biomass
0,0,0,sTRP_biomass
0,0,0,sTYR_biomass
0,0,0,sUREA_biomass
0,0,0,sVAL_biomass
0,0,0,Starch_tx
0,0,0,RXN_12263_c
0,499.99912306945,499.99912306945,Plastoquinol_Oxidase_p
-1000,1000,2000,RXN_15513_c
0,0,0,RXN1G_363_c
0,1474.60260764701,1474.60260764701,RXN_12002_c
0,968.124569089016,968.124569089016,L_ASCORBATE_PEROXIDASE_RXN_c
0,0,0,RXN_7622_NADP_c
3.28809e-06,72.4621023995878,72.4620991114978,RXN_9629_c
0,1949.20521529402,1949.20521529402,ADENOSINETRIPHOSPHATASE_RXN_c
0,974.60260764701,974.60260764701,RXN_12618_c
0,0,0,Mg2_p
0,3954.46079240012,3954.46079240012,RXN_13408_c
0,0,0,TSA_REDUCT_RXN_NAD_c
0,0,0,RXN_12332_c
0,0,0,ESTRADIOL_17_BETA_DEHYDROGENASE_RXN_NADP_c
0,1000,1000,6PGLUCONDEHYDROG_RXN_c
0,0,0,RXN66_281_NADP_c
-1000,0,1000,HYDROXYPYRUVATE_REDUCTASE_RXN_NADP_c
-2562.48539162193,1000.000320959,3562.48571258093,GLUTAMATE_DEHYDROGENASE_NADP_RXN_c
0,0,0,1_1_1_51_RXN_NADP_c
0,0,0,RXN_9015_c
0,999.999712013,999.999712013,RXN0_5258_c
0,0.00349433555019401,0.00349433555019401,ASN_tx
0,0.00349433555046392,0.00349433555046392,GLN_tx
0,0,0,TRANS-RXN0-200_EXP_1
0,0,0,FRU_tx
0,0,0,GLU_tx
0,0,0,ALA_tx
-0.003740036,-0.003740036,0,CELLWALL_c
-0.003740036,-0.003740036,0,CELLWALL_biomass
0,706.798060258984,706.798060258984,RXN0_1132_p
0,706.798060258984,706.798060258984,RXN0_1134_p
-706.798060258984,0,706.798060258984,RXN0_1133_p
0,0,0,MALIC_NAD_RXN_m
0,417.377243847323,417.377243847323,GCVMULTI_RXN_m
-999.99993477405,999.999679274,1999.99961404805,GLYOHMETRANS_RXN_m
